-- phpMyAdmin SQL Dump
-- version 5.1.1
-- https://www.phpmyadmin.net/
--
-- Servidor: 127.0.0.1
-- Tiempo de generación: 11-10-2021 a las 08:16:52
-- Versión del servidor: 10.4.20-MariaDB
-- Versión de PHP: 7.3.29

SET SQL_MODE = "NO_AUTO_VALUE_ON_ZERO";
START TRANSACTION;
SET time_zone = "+00:00";


/*!40101 SET @OLD_CHARACTER_SET_CLIENT=@@CHARACTER_SET_CLIENT */;
/*!40101 SET @OLD_CHARACTER_SET_RESULTS=@@CHARACTER_SET_RESULTS */;
/*!40101 SET @OLD_COLLATION_CONNECTION=@@COLLATION_CONNECTION */;
/*!40101 SET NAMES utf8mb4 */;

--
-- Base de datos: `testpsicologia`
--

-- --------------------------------------------------------

--
-- Estructura de tabla para la tabla `alumno`
--

CREATE TABLE `alumno` (
  `id` int(11) NOT NULL,
  `dni` char(12) COLLATE utf8_spanish_ci NOT NULL,
  `nombres` varchar(100) COLLATE utf8_spanish_ci NOT NULL,
  `apellidos` varchar(100) COLLATE utf8_spanish_ci NOT NULL,
  `fecha_nac` date NOT NULL,
  `sexo` char(12) COLLATE utf8_spanish_ci NOT NULL,
  `grado` char(5) COLLATE utf8_spanish_ci NOT NULL,
  `fecha_alta` timestamp NOT NULL DEFAULT current_timestamp(),
  `fecha_edit` timestamp NOT NULL DEFAULT current_timestamp(),
  `telefono` char(12) COLLATE utf8_spanish_ci NOT NULL,
  `email` varchar(100) COLLATE utf8_spanish_ci NOT NULL,
  `carrera1` varchar(200) COLLATE utf8_spanish_ci NOT NULL,
  `carrera2` varchar(200) COLLATE utf8_spanish_ci NOT NULL
) ENGINE=InnoDB DEFAULT CHARSET=utf8 COLLATE=utf8_spanish_ci;

--
-- Volcado de datos para la tabla `alumno`
--

INSERT INTO `alumno` (`id`, `dni`, `nombres`, `apellidos`, `fecha_nac`, `sexo`, `grado`, `fecha_alta`, `fecha_edit`, `telefono`, `email`, `carrera1`, `carrera2`) VALUES
(1, '70469002', 'Jose', 'Pintado', '2000-06-24', 'Masculino', '4to', '2021-09-15 04:13:57', '2021-10-11 05:34:41', '333333333', 'jose@gmail.com', 'Sistemas', 'Electrónica'),
(2, '78787878', 'ffffffff', 'ffffffff', '2000-06-24', 'Masculino', '4to', '2021-09-15 06:39:15', '2021-09-22 04:56:38', '333333333', '33333@gmail.com', 'wwwwwwww', 'wwwwww'),
(3, '70469003', 'M;anuel', 'Pintado', '2000-06-24', '0', '0', '2021-09-15 16:05:12', '2021-09-15 16:05:12', '', '', '', ''),
(4, '33333333', '3333333', '333', '2000-06-24', '0', '4to', '2021-09-16 00:14:35', '2021-09-16 00:15:12', '', '', '', ''),
(5, '44444444', '4444', '444', '2000-06-24', '0', '4to', '2021-09-16 00:36:59', '2021-09-16 00:36:59', '444444444', '', '', ''),
(6, '70469888', 'ddddd', 'ddddddd', '2000-06-24', 'Masculino', '4to', '2021-09-17 02:19:01', '2021-09-22 04:55:51', '333333333', 'dddddddd@gmail.com', 'ddddddd', 'ddddd'),
(7, '00000000', 'dddddd', 'ddddddd', '2000-06-24', '0', '4to', '2021-09-17 02:40:53', '2021-09-17 02:40:53', '999999999', 'ddddd@gmail.com', 'dddddd', 'ddddddd'),
(8, '12345678', 'Juan', 'Pintado', '2000-06-24', 'Masculino', '4to', '2021-09-22 15:02:14', '2021-09-22 15:02:14', '999999999', 'juan@gmail.com', 'ADMINISTRACION', 'MUSICA'),
(9, '23232323', 'ddddddd', 'ddddddddd', '2000-06-24', 'Masculino', '4to', '2021-09-22 15:29:08', '2021-09-22 15:29:08', '333333333', 'dddddddddddd@gmail.c', 'ssss', 'ssss'),
(10, '32366848', 'Efra', 'Hurtado', '2000-06-24', 'Masculino', 'Super', '2021-09-29 22:19:33', '2021-09-29 22:19:33', '999999999', 'efra@gmail.com', 'Ciencias', 'Economia'),
(11, '19921992', 'Angel', 'Hurtado', '1992-06-24', 'Masculino', '4to', '2021-10-10 12:22:17', '2021-10-10 12:22:17', '333333333', 'angel@gmail.com', 'sssssssss', 'sssssss');

-- --------------------------------------------------------

--
-- Estructura de tabla para la tabla `area`
--

CREATE TABLE `area` (
  `id` int(11) NOT NULL,
  `nombre` char(50) COLLATE utf8_spanish_ci NOT NULL,
  `nombre_corto` char(50) COLLATE utf8_spanish_ci NOT NULL
) ENGINE=InnoDB DEFAULT CHARSET=utf8 COLLATE=utf8_spanish_ci;

--
-- Volcado de datos para la tabla `area`
--

INSERT INTO `area` (`id`, `nombre`, `nombre_corto`) VALUES
(1, 'Realista', 'R'),
(2, 'Investigador', 'I'),
(3, 'Artístico', 'A'),
(4, 'Social', 'S'),
(5, 'Emprendedor', 'E'),
(6, 'Convencional', 'C');

-- --------------------------------------------------------

--
-- Estructura de tabla para la tabla `claves`
--

CREATE TABLE `claves` (
  `id` int(11) NOT NULL,
  `codigo` char(12) COLLATE utf8_spanish_ci NOT NULL,
  `carrera` varchar(250) COLLATE utf8_spanish_ci NOT NULL,
  `id_grado` int(11) NOT NULL,
  `id_area1` int(11) NOT NULL,
  `id_area2` int(11) NOT NULL,
  `fecha_alta` timestamp NOT NULL DEFAULT current_timestamp(),
  `fecha_edit` timestamp NOT NULL DEFAULT current_timestamp()
) ENGINE=InnoDB DEFAULT CHARSET=utf8 COLLATE=utf8_spanish_ci;

--
-- Volcado de datos para la tabla `claves`
--

INSERT INTO `claves` (`id`, `codigo`, `carrera`, `id_grado`, `id_area1`, `id_area2`, `fecha_alta`, `fecha_edit`) VALUES
(1, '5620021', 'ADMINISTRACIÓN DE RECURSOS FORESTALES', 1, 1, 2, '2021-09-17 18:35:41', '2021-09-17 18:35:41'),
(2, '5620021', 'TECNOLOGIA AGRICOLA', 2, 1, 2, '2021-09-17 18:55:58', '2021-09-17 18:55:58'),
(3, '5620021', 'ADMINISTRACIÓN DE NEGOCIOS AGROPECUARIOS', 1, 1, 2, '2021-09-17 18:55:58', '2021-09-17 18:55:58'),
(4, '5620021', 'ADMINISTRACIÓN RURAL', 1, 1, 2, '2021-09-17 18:55:58', '2021-09-17 18:55:58'),
(5, '5620021', 'ZOOTECNISTA', 1, 1, 2, '2021-09-17 18:55:58', '2021-09-17 18:55:58'),
(6, '5620021', 'INDUSTRIAS ALIMENTARIAS', 1, 1, 2, '2021-09-17 18:55:58', '2021-09-17 18:55:58'),
(7, '5620021', 'GEOLOGÍA DE MINAS', 1, 1, 2, '2021-09-17 18:55:58', '2021-09-17 18:55:58'),
(8, '5620021', 'MANTENIMIENTO DE MAQUINARIA', 1, 1, 2, '2021-09-17 18:55:58', '2021-09-17 18:55:58'),
(9, '5620021', 'MECANICA DE PRODUCCIÓN (6 semestres)', 1, 1, 2, '2021-09-17 18:55:58', '2021-09-17 18:55:58'),
(10, '5620021', 'MECANICA DE MANTENIMIENTO BASICO', 3, 1, 2, '2021-09-17 18:55:58', '2021-09-17 18:55:58'),
(11, '5620021', 'MECANICA DE BANCO', 3, 1, 2, '2021-09-17 18:55:58', '2021-09-17 18:55:58'),
(12, '5620021', 'CONSTRUCCIÓN DE MUEBLES EN MADERA', 3, 1, 2, '2021-09-17 18:55:58', '2021-09-17 18:55:58'),
(13, '5620021', 'PANADERIA Y PASTELERIA INDUSTRIAL', 2, 1, 2, '2021-09-17 18:55:58', '2021-09-17 18:55:58'),
(14, '5620021', 'CARPINTERIA Y EBANISTERIA ( 4 semestres)', 2, 1, 2, '2021-09-17 18:55:58', '2021-09-17 18:55:58'),
(15, '5620021', 'CARPINTERIA (4 semestres)', 2, 1, 2, '2021-09-17 18:55:58', '2021-09-17 18:55:58'),
(16, '5620021', 'INDUSTRIA DEL CALZADO (4 semestres)', 2, 1, 2, '2021-09-17 18:55:58', '2021-09-17 18:55:58'),
(17, '5620021', 'ALBAÑILERIA', 2, 1, 2, '2021-09-17 18:55:58', '2021-09-17 18:55:58'),
(18, '5620021', 'PRODUCCIÓN DE IMPRESOS', 1, 1, 3, '2021-09-18 15:08:33', '2021-09-18 15:08:33'),
(19, '5620021', 'INGENIERIA TEXTIL', 1, 1, 3, '2021-09-18 15:08:33', '2021-09-18 15:08:33'),
(20, '5620021', 'INDUSTRIA DEL VESTIDO ', 1, 1, 3, '2021-09-18 15:08:33', '2021-09-18 15:08:33'),
(21, '5620021', 'PRODUCCÓN TEXTIL', 1, 1, 3, '2021-09-18 15:08:33', '2021-09-18 15:08:33'),
(22, '5620021', 'DISEÑO TEXTIL', 1, 1, 3, '2021-09-18 15:08:33', '2021-09-18 15:08:33'),
(23, '5620021', 'DISEÑO Y PRODUCCIÓN DE TEXTILES', 1, 1, 3, '2021-09-18 15:08:33', '2021-09-18 15:08:33'),
(24, '5620021', 'GESTION DE LA PRODUCCIÓN EN LA INDUSTRIA DE LAS CONFECCIONES', 1, 1, 3, '2021-09-18 15:08:33', '2021-09-18 15:08:33'),
(25, '5620021', 'TAPICERÍA', 3, 1, 3, '2021-09-18 15:08:33', '2021-09-18 15:08:33'),
(26, '5620021', 'TEJIDO A MAQUINA SEMI INDUSTRIAL', 3, 1, 3, '2021-09-18 15:08:33', '2021-09-18 15:08:33'),
(27, '5620021', 'SASTRERIA BASICA', 3, 1, 3, '2021-09-18 15:08:33', '2021-09-18 15:08:33'),
(28, '5620021', 'CONFECCION DE ROPAS DEPORTIVAS', 3, 1, 3, '2021-09-18 15:08:33', '2021-09-18 15:08:33'),
(29, '5620021', 'SERIGRAFIA', 3, 1, 3, '2021-09-18 15:08:33', '2021-09-18 15:08:33'),
(30, '5620021', 'EBANISTERIA Y TALLADOS', 2, 1, 3, '2021-09-18 15:08:33', '2021-09-18 15:08:33'),
(31, '5620021', 'TINTORERÍA Y ACABADO TEXTIL', 2, 1, 3, '2021-09-18 15:08:33', '2021-09-18 15:08:33'),
(32, '5620021', 'GUIA OFICIAL DE MONTAÑA', 1, 1, 4, '2021-09-18 15:20:15', '2021-09-18 15:20:15'),
(33, '5620021', 'GUIA OFICIAL DE CAMINATA', 1, 1, 4, '2021-09-18 15:20:15', '2021-09-18 15:20:15'),
(34, '5620021', 'ADMINISTRACIÓN DE EMPRESAS DE TRANSPORTE', 1, 1, 5, '2021-09-18 15:20:15', '2021-09-18 15:20:15'),
(35, '5620021', 'CONDUCCIÓN DE EBARCACIONES DE PESCA', 1, 1, 5, '2021-09-18 15:20:15', '2021-09-18 15:20:15'),
(36, '5620021', 'PRODUCCION EN PESQUERIA', 1, 1, 5, '2021-09-18 15:20:15', '2021-09-18 15:20:15'),
(37, '5620021', 'TEGNOLOGÌA PESQUERA', 1, 1, 5, '2021-09-18 15:20:15', '2021-09-18 15:20:15'),
(38, '5620021', 'ACUICULTURA', 1, 1, 5, '2021-09-18 15:20:15', '2021-09-18 15:20:15'),
(39, '5620021', 'GESTIN DE LA PRODUCCION EN LA INDUSTRIA DE LAS CONSTRUCCION', 1, 1, 5, '2021-09-18 15:20:15', '2021-09-18 15:20:15'),
(40, '5620021', 'NAVEGACIÓN DE PESCA', 2, 1, 5, '2021-09-18 15:20:15', '2021-09-18 15:20:15'),
(41, '5620021', 'TRIPULACIÓN DE PESCA', 1, 1, 5, '2021-09-18 15:20:15', '2021-09-18 15:20:15'),
(42, '5620021', 'ADMINISTRACIÒN DE LA CONSTRUCCIÒN', 2, 1, 5, '2021-09-18 15:20:16', '2021-09-18 15:20:16'),
(43, '5620021', 'EDIFICACIONES', 1, 1, 6, '2021-09-18 15:20:16', '2021-09-18 15:20:16'),
(44, '5620021', 'CONSTRUCCION CIVIL', 1, 1, 6, '2021-09-18 15:20:16', '2021-09-18 15:20:16'),
(45, '5620021', 'INGENIERIA DE TELEMATICA', 1, 2, 1, '2021-09-18 15:33:04', '2021-09-18 15:33:04'),
(46, '5620021', 'ANALISIS QUIMICO', 1, 2, 1, '2021-09-18 15:33:05', '2021-09-18 15:33:05'),
(47, '5620021', 'QUIMICA INDUSTRIAL', 1, 2, 1, '2021-09-18 15:33:05', '2021-09-18 15:33:05'),
(48, '5620021', 'PROCESOS QUÍMICOS METALÚRGICOS', 1, 2, 1, '2021-09-18 15:33:05', '2021-09-18 15:33:05'),
(49, '5620021', 'TECNICAS DE INGENIERIA ELECTRICA', 1, 2, 1, '2021-09-18 15:33:05', '2021-09-18 15:33:05'),
(50, '5620021', 'ELECTRONICA DE SISTEMAS INDUSTRIALES', 1, 2, 1, '2021-09-18 15:33:05', '2021-09-18 15:33:05'),
(51, '5620021', 'TECNICAS DE INGENIERIA ELECTRONICA', 1, 2, 1, '2021-09-18 15:33:05', '2021-09-18 15:33:05'),
(52, '5620021', 'REFRIGERACIÓN Y AIRE ACONDICIONADO', 2, 2, 1, '2021-09-18 15:33:05', '2021-09-18 15:33:05'),
(53, '5620021', 'ELECTRICIDAD INDUSTRIAL', 1, 2, 1, '2021-09-18 15:33:05', '2021-09-18 15:33:05'),
(54, '5620021', 'PROCESAMIENTO DE MINERALES', 2, 2, 1, '2021-09-18 15:33:05', '2021-09-18 15:33:05'),
(55, '5620021', 'MANTENIMIENTO DE EQUIPO DE CÓMPUTO Y ADMINISTRACIÓN DE REDES ', 3, 2, 1, '2021-09-18 15:33:05', '2021-09-18 15:33:05'),
(56, '5620021', 'ENSAMBLAJE Y  MANTENIMIENTO DE PCs', 3, 2, 1, '2021-09-18 15:33:05', '2021-09-18 15:33:05'),
(57, '5620021', 'ELECTRICIDAD AUTOMOTRIZ', 3, 2, 1, '2021-09-18 15:33:05', '2021-09-18 15:33:05'),
(58, '5620021', 'INSTALACIONES ELECTRICAS Y ELECTRONICAS', 3, 2, 1, '2021-09-18 15:33:05', '2021-09-18 15:33:05'),
(59, '5620021', 'INGENIERIA DE SONIDOS', 1, 2, 3, '2021-09-18 15:33:05', '2021-09-18 15:33:05'),
(60, '5620021', 'PROTESIS DENTAL', 1, 2, 3, '2021-09-18 15:33:05', '2021-09-18 15:33:05'),
(61, '5620021', 'ANESTESIOLOGIA', 1, 2, 4, '2021-09-18 15:40:00', '2021-09-18 15:40:00'),
(62, '5620021', 'ANESTESIA', 1, 2, 4, '2021-09-18 15:40:00', '2021-09-18 15:40:00'),
(63, '5620021', 'MANTENIMIENTO DE ESTABLECIMIENTOS DE SALUD', 1, 2, 4, '2021-09-18 15:40:00', '2021-09-18 15:40:00'),
(64, '5620021', 'NUTRICIÒN Y DIETETICA', 1, 2, 4, '2021-09-18 15:40:00', '2021-09-18 15:40:00'),
(65, '5620021', 'NUTRICIÒN Y TECNOLOGÌA DE LOS ALIMENTOS', 1, 2, 4, '2021-09-18 15:40:00', '2021-09-18 15:40:00'),
(66, '5620021', 'OBSTETRICIA', 1, 2, 4, '2021-09-18 15:40:00', '2021-09-18 15:40:00'),
(67, '5620021', 'PSICOLOGIA', 1, 2, 4, '2021-09-18 15:40:00', '2021-09-18 15:40:00'),
(68, '5620021', 'FARMACIA  (6 SEMESTRES)', 1, 2, 4, '2021-09-18 15:40:00', '2021-09-18 15:40:00'),
(69, '5620021', 'LABORATORIO CLINICO', 1, 2, 4, '2021-09-18 15:40:00', '2021-09-18 15:40:00'),
(70, '5620021', 'RADIOLOGÍA', 1, 2, 4, '2021-09-18 15:40:00', '2021-09-18 15:40:00'),
(71, '5620021', 'PRIMEROS AUXILIOS', 3, 2, 4, '2021-09-18 15:40:00', '2021-09-18 15:40:00'),
(72, '5620021', 'ORTOPEDIA Y TRAUMATOLOGIA', 3, 2, 4, '2021-09-18 15:40:00', '2021-09-18 15:40:00'),
(73, '5620021', 'REFLEXOLOGIA', 3, 2, 4, '2021-09-18 15:40:00', '2021-09-18 15:40:00'),
(74, '5620021', 'ENFERMERIA TECNICA', 2, 2, 4, '2021-09-18 15:40:00', '2021-09-18 15:40:00'),
(75, '5620021', 'AUXILIAR DE ENFERMERÌA', 2, 2, 4, '2021-09-18 15:40:00', '2021-09-18 15:40:00'),
(76, '5620021', 'VOLVER A REALIZAR LA PRUEBA', 2, 2, 5, '2021-09-18 15:40:00', '2021-09-18 15:40:00'),
(77, '5620021', 'ECONOMIA EMPRESARIAL (8 SEMESTRES)', 1, 2, 6, '2021-09-18 16:01:48', '2021-09-18 16:01:48'),
(78, '5620021', 'COMPUTACIÓN Y ADMINISTRACIÓN DE SISTEMAS', 1, 2, 6, '2021-09-18 16:01:48', '2021-09-18 16:01:48'),
(79, '5620021', 'INGENIERIA DE SISTEMAS DE INFORMACIÓN', 1, 2, 6, '2021-09-18 16:01:48', '2021-09-18 16:01:48'),
(80, '5620021', 'ANALISTA PROGRAMADOR', 1, 2, 6, '2021-09-18 16:01:48', '2021-09-18 16:01:48'),
(81, '5620021', 'MICROCOMPUTACIÒN E INFORMÀTICA', 1, 2, 6, '2021-09-18 16:01:48', '2021-09-18 16:01:48'),
(82, '5620021', 'ADMINISTRACION INFORMÀTICA DE EMPRESAS', 1, 2, 6, '2021-09-18 16:01:48', '2021-09-18 16:01:48'),
(83, '5620021', 'ANALISIS DE SISTEMAS Y MODELACION DE BASE DE DATOS', 1, 2, 6, '2021-09-18 16:01:48', '2021-09-18 16:01:48'),
(84, '5620021', 'CONTROL DE TRANSITO AEREO', 1, 2, 6, '2021-09-18 16:01:48', '2021-09-18 16:01:48'),
(85, '5620021', 'SISTEMAS INFORMATICOS PARA LA PRODUCTIVIDAD (EXPERIM)', 1, 2, 6, '2021-09-18 16:01:48', '2021-09-18 16:01:48'),
(86, '5620021', 'TELEMATICA', 1, 2, 6, '2021-09-18 16:01:48', '2021-09-18 16:01:48'),
(87, '5620021', 'ADMINISTRACIÒN DE LA BASE DE DATOS', 2, 2, 6, '2021-09-18 16:01:49', '2021-09-18 16:01:49'),
(88, '5620021', 'ADMINISTRACIÓN DE REDES', 2, 2, 6, '2021-09-18 16:01:49', '2021-09-18 16:01:49'),
(89, '5620021', 'DISEÑADOR ESCENOGRAFICO', 1, 3, 1, '2021-09-18 17:05:13', '2021-09-18 17:05:13'),
(90, '5620021', 'FOTOGRAFIA', 1, 3, 1, '2021-09-18 17:05:13', '2021-09-18 17:05:13'),
(91, '5620021', 'CAMARA Y EDICIÒN CREATIVA', 1, 3, 1, '2021-09-18 17:05:13', '2021-09-18 17:05:13'),
(92, '5620021', 'AUDIOVISUAL MULTIMEDIA', 1, 3, 1, '2021-09-18 17:05:13', '2021-09-18 17:05:13'),
(93, '5620021', 'ARQUITECTURA DE INTERIORES', 1, 3, 1, '2021-09-18 17:05:13', '2021-09-18 17:05:13'),
(94, '5620021', 'CONSERVACIÒN Y RESTAURACIÒN', 1, 3, 1, '2021-09-18 17:05:13', '2021-09-18 17:05:13'),
(95, '5620021', 'CONSTRUCCIONES ARTISTICAS EN MADERA', 1, 3, 1, '2021-09-18 17:05:13', '2021-09-18 17:05:13'),
(96, '5620021', 'DISEÑO DE MODAS', 1, 3, 1, '2021-09-18 17:05:13', '2021-09-18 17:05:13'),
(97, '5620021', 'JOYERIA ', 2, 3, 1, '2021-09-18 17:05:13', '2021-09-18 17:05:13'),
(98, '5620021', 'OPERACIÒN DE EQUIPOS DE RADIO Y TV.', 2, 3, 1, '2021-09-18 17:05:13', '2021-09-18 17:05:13'),
(99, '5620021', 'ARTESANIA', 3, 3, 1, '2021-09-18 17:05:13', '2021-09-18 17:05:13'),
(100, '5620021', 'BIJOUTERIA', 3, 3, 1, '2021-09-18 17:05:13', '2021-09-18 17:05:13'),
(101, '5620021', 'CERAMICA ARTISTICA', 3, 3, 1, '2021-09-18 17:05:13', '2021-09-18 17:05:13'),
(102, '5620021', 'TEJIDOS ARTESANALES', 3, 3, 1, '2021-09-18 17:05:13', '2021-09-18 17:05:13'),
(103, '5620021', 'DISEÑO GRAFICO PUBLICITARIO', 1, 3, 2, '2021-09-18 17:05:13', '2021-09-18 17:05:13'),
(104, '5620021', 'CIENCIAS PUBLICITARIA', 1, 3, 2, '2021-09-18 17:05:13', '2021-09-18 17:05:13'),
(105, '5620021', 'DIRECCION Y DISEÑO PUBLICITARIO', 1, 3, 2, '2021-09-18 17:05:13', '2021-09-18 17:05:13'),
(106, '5620021', 'DISEÑO INDUSTRIAL', 1, 3, 2, '2021-09-18 17:05:13', '2021-09-18 17:05:13'),
(107, '5620021', 'DISEÑO DE INTERIORES', 1, 3, 2, '2021-09-18 17:05:13', '2021-09-18 17:05:13'),
(108, '5620021', 'ARTES VISUALES', 1, 3, 2, '2021-09-18 17:05:13', '2021-09-18 17:05:13'),
(109, '5620021', 'DISEÑO DE PRODUCTO', 1, 3, 2, '2021-09-18 17:05:13', '2021-09-18 17:05:13'),
(110, '5620021', 'DISEÑOR GRAFICO Y PUBLICIDAD DIGITAL', 1, 3, 2, '2021-09-18 17:05:13', '2021-09-18 17:05:13'),
(111, '5620021', 'ACTUACIÓN', 1, 3, 4, '2021-09-18 17:05:13', '2021-09-18 17:05:13'),
(112, '5620021', 'TEATRO Y TELEVISIÓN', 1, 3, 4, '2021-09-18 17:05:13', '2021-09-18 17:05:13'),
(113, '5620021', 'ACTOR', 2, 3, 4, '2021-09-18 17:05:13', '2021-09-18 17:05:13'),
(114, '5620021', 'ARTE DRAMÁTICO', 3, 3, 4, '2021-09-18 17:05:13', '2021-09-18 17:05:13'),
(115, '5620021', 'DIRECCIÓN Y GUIANIZACIÓN', 1, 3, 5, '2021-09-18 17:05:13', '2021-09-18 17:05:13'),
(116, '5620021', 'PRODUCCIÓN DE ESPECTÁCULOS', 1, 3, 5, '2021-09-18 17:05:13', '2021-09-18 17:05:13'),
(117, '5620021', 'Dirección y Producción en radio', 1, 3, 5, '2021-09-18 17:05:13', '2021-09-18 17:05:13'),
(118, '5620021', 'Dirección, realización de cine y tv', 1, 3, 5, '2021-09-18 17:05:13', '2021-09-18 17:05:13'),
(119, '5620021', 'PRODUCCIÓN DE PROGRAMAS DE TELEVISIÓN', 1, 3, 5, '2021-09-18 17:05:13', '2021-09-18 17:05:13'),
(120, '5620021', 'PRODUCCIÓN DE RADIO Y TELEVISIÓN', 1, 3, 5, '2021-09-18 17:05:13', '2021-09-18 17:05:13'),
(121, '5620021', 'PRODUCCIÓN RADIAL Y TELEVISIVA', 1, 3, 5, '2021-09-18 17:05:14', '2021-09-18 17:05:14'),
(122, '5620021', 'PRODUCCIÓN RADIAL Y TELEVISIVA', 2, 3, 5, '2021-09-18 17:05:14', '2021-09-18 17:05:14'),
(123, '5620021', 'GUIA OFICIAL DE TURISMO', 1, 4, 1, '2021-09-18 17:05:14', '2021-09-18 17:05:14'),
(124, '5620021', 'HOTELES Y RESTAURANTES', 1, 4, 1, '2021-09-18 17:05:14', '2021-09-18 17:05:14'),
(125, '5620021', 'SERVICIOS HOTELEROS Y COCINA', 1, 4, 1, '2021-09-18 17:05:14', '2021-09-18 17:05:14'),
(126, '5620021', 'TURISMO Y HOTELERÍA', 1, 4, 1, '2021-09-18 17:05:14', '2021-09-18 17:05:14'),
(127, '5620021', 'ADMINISTRACIÓN DE AEREOPUERTOS', 1, 4, 1, '2021-09-18 17:05:14', '2021-09-18 17:05:14'),
(128, '5620021', 'ADMINISTRACIÓN DE HOTELES Y RESTAURANTES', 1, 4, 1, '2021-09-18 17:05:14', '2021-09-18 17:05:14'),
(129, '5620021', 'ADMINISTRACIÓN DE NEGOCIOS INTERNACIONALES DE TURISMO', 1, 4, 1, '2021-09-18 17:05:14', '2021-09-18 17:05:14'),
(130, '5620021', 'ECOTURISMO Y GESTIÓN AMBIENTAL', 1, 4, 1, '2021-09-18 17:05:14', '2021-09-18 17:05:14'),
(131, '5620021', 'AVIACIÓN COMERCIAL', 2, 4, 1, '2021-09-18 17:05:14', '2021-09-18 17:05:14'),
(132, '5620021', 'GUÍA DE TURISTAS', 2, 4, 1, '2021-09-18 17:05:14', '2021-09-18 17:05:14'),
(133, '5620021', 'HOSTELERÍA Y TURISMO', 3, 4, 1, '2021-09-18 17:05:14', '2021-09-18 17:05:14'),
(134, '5620021', 'SERVICIOS BÁSICOS DE RECEPCIÓN HOSTELERA', 3, 4, 1, '2021-09-18 17:05:14', '2021-09-18 17:05:14'),
(135, '5620021', 'SERVICIOS BÁSICOS DE TURISMO E IDIOMAS', 3, 4, 1, '2021-09-18 17:05:14', '2021-09-18 17:05:14'),
(136, '5620021', 'PERIODISMO', 1, 4, 2, '2021-09-18 17:05:14', '2021-09-18 17:05:14'),
(137, '5620021', 'PERIODISMO AUDIOVISUAL', 1, 4, 2, '2021-09-18 17:05:14', '2021-09-18 17:05:14'),
(138, '5620021', 'PERIODISMO RADIAL Y TELEVISIVO', 1, 4, 2, '2021-09-18 17:05:14', '2021-09-18 17:05:14'),
(139, '5620021', 'REPORTERISMO', 1, 4, 2, '2021-09-18 17:05:14', '2021-09-18 17:05:14'),
(140, '5620021', 'COSMETICA DERMATOLÓGICA', 1, 4, 3, '2021-09-18 17:05:14', '2021-09-18 17:05:14'),
(141, '5620021', 'COSMETOLOGÍA', 2, 4, 3, '2021-09-18 17:05:14', '2021-09-18 17:05:14'),
(142, '5620021', 'PELUQUERÍA (4 SEMESTRES)', 2, 4, 3, '2021-09-18 17:05:14', '2021-09-18 17:05:14'),
(143, '5620021', 'COSMETOLOGÍA Y PELUQUERÍA', 3, 4, 3, '2021-09-18 17:05:14', '2021-09-18 17:05:14'),
(144, '5620021', 'EMBELLECIMIENTO DE MANOS Y MAQUILLAJE', 3, 4, 3, '2021-09-18 17:05:14', '2021-09-18 17:05:14'),
(145, '5620021', 'PELUQUERÍA (2 SEMESTRES)', 3, 4, 3, '2021-09-18 17:05:14', '2021-09-18 17:05:14'),
(146, '5620021', 'PELUQUERÍA BÁSICA', 3, 4, 3, '2021-09-18 17:05:14', '2021-09-18 17:05:14'),
(147, '5620021', 'PELUQUERÍA Y BELLEZA PERSONAL', 3, 4, 3, '2021-09-18 17:05:14', '2021-09-18 17:05:14'),
(148, '5620021', 'COSMETOLOGÍA BÁSICA', 3, 4, 3, '2021-09-18 17:05:14', '2021-09-18 17:05:14'),
(149, '5620021', 'TRATAMIENTO CAPILAR Y PEINADO', 3, 4, 3, '2021-09-18 17:05:14', '2021-09-18 17:05:14'),
(150, '5620021', 'ADMINISTRACIÓN MUNICIPAL', 1, 4, 5, '2021-09-18 17:05:14', '2021-09-18 17:05:14'),
(151, '5620021', 'ANÁLISIS POLÍTICO', 1, 4, 5, '2021-09-18 17:05:14', '2021-09-18 17:05:14'),
(152, '5620021', 'DEPORTES', 1, 4, 5, '2021-09-18 17:05:14', '2021-09-18 17:05:14'),
(153, '5620021', 'TEOLOGÍA ESPECIALIDAD DE: FORMACIÓN RELIGIOSA', 1, 4, 5, '2021-09-18 17:05:14', '2021-09-18 17:05:14'),
(154, '5620021', 'RELACIONES INSTITUCIONALES', 1, 4, 5, '2021-09-18 17:05:14', '2021-09-18 17:05:14'),
(155, '5620021', 'EDUCACIÓN INICIAL', 1, 4, 5, '2021-09-18 17:05:14', '2021-09-18 17:05:14'),
(156, '5620021', 'TECNOLOGÍA PENITENCIARIA', 1, 4, 5, '2021-09-18 17:05:14', '2021-09-18 17:05:14'),
(157, '5620021', 'DIRECCIÓN TÉCNICA EN FÚTBOL', 2, 4, 5, '2021-09-18 17:05:14', '2021-09-18 17:05:14'),
(158, '5620021', 'ASISTENTE DE NIÑOS MENORES DE 6 AÑOS', 3, 4, 5, '2021-09-18 17:05:14', '2021-09-18 17:05:14'),
(159, '5620021', 'CUIDADO DE NIÑOS', 3, 4, 5, '2021-09-18 17:05:14', '2021-09-18 17:05:14'),
(160, '5620021', 'DECORACIÓN DE EVENTOS SOCIALES', 3, 4, 5, '2021-09-18 17:05:14', '2021-09-18 17:05:14'),
(161, '5620021', 'INTERPRETACIÓN DE IDIOMAS', 1, 4, 6, '2021-09-18 17:05:14', '2021-09-18 17:05:14'),
(162, '5620021', 'INTERPRETACIÓN DE IDIOMAS (INGLÉS, CASTELLANO Y FRANCÉS)', 1, 4, 6, '2021-09-18 17:05:14', '2021-09-18 17:05:14'),
(163, '5620021', 'TRADUCCIÓN DE IDIOMAS', 1, 4, 6, '2021-09-18 17:05:14', '2021-09-18 17:05:14'),
(164, '5620021', 'TRADUCCIÓN DE IDIOMAS  (INGLÉS, CASTELLANO Y FRANCÉS)', 1, 4, 6, '2021-09-18 17:05:14', '2021-09-18 17:05:14'),
(165, '5620021', 'TRADUCCIÓN E INTERPRETACIÓN', 1, 4, 6, '2021-09-18 17:05:14', '2021-09-18 17:05:14'),
(166, '5620021', 'TRADUCCIÓN E INTERPRETACIÓN INGLÉS', 1, 4, 6, '2021-09-18 17:05:14', '2021-09-18 17:05:14'),
(167, '5620021', 'GESTIÓN Y ADMINISTRACIÓN DE NEGOCIOS', 1, 5, 1, '2021-09-18 17:05:14', '2021-09-18 17:05:14'),
(168, '5620021', 'ORGANIZACIÓN Y ADMINISTRACIÓN DE EMPRESAS (6 SEMESTRES)', 1, 5, 1, '2021-09-18 17:05:14', '2021-09-18 17:05:14'),
(169, '5620021', 'ORGANIZACIÓN Y ADMINISTRACIÓN DE EMPRESAS (8 SEMESTRES)', 1, 5, 1, '2021-09-18 17:05:14', '2021-09-18 17:05:14'),
(170, '5620021', 'ADMINISTRACIÓN INDUSTRIAL', 1, 5, 1, '2021-09-18 17:05:14', '2021-09-18 17:05:14'),
(171, '5620021', 'SUPERVISIÓN DE OPERACIONES', 1, 5, 1, '2021-09-18 17:05:14', '2021-09-18 17:05:14'),
(172, '5620021', 'NEGOCIOS ESPECIALIDAD: COMERCIO Y PRODUCCIÓN', 2, 5, 1, '2021-09-18 17:05:14', '2021-09-18 17:05:14'),
(173, '5620021', 'DIRECCIÓN DE EMPRESAS', 1, 5, 2, '2021-09-18 17:05:14', '2021-09-18 17:05:14'),
(174, '5620021', 'GERENCIA', 1, 5, 2, '2021-09-18 17:05:14', '2021-09-18 17:05:14'),
(175, '5620021', 'ADMINISTRACIÓ DE NEGOCIOS INTERNACIONALES', 1, 5, 2, '2021-09-18 17:05:14', '2021-09-18 17:05:14'),
(176, '5620021', 'COMERCIO EXTERIOR', 1, 5, 2, '2021-09-18 17:05:14', '2021-09-18 17:05:14'),
(177, '5620021', 'COMERCIO EXTERIOR ÁREA ARTESANÍA DEL VESTIR', 1, 5, 2, '2021-09-18 17:05:14', '2021-09-18 17:05:14'),
(178, '5620021', 'COMERCIO EXTERIOR ÁREA DE FINANZAS', 1, 5, 2, '2021-09-18 17:05:14', '2021-09-18 17:05:14'),
(179, '5620021', 'COMERCIO EXTERIOR ÁREA DE MARKETING', 1, 5, 2, '2021-09-18 17:05:14', '2021-09-18 17:05:14'),
(180, '5620021', 'COMERCIO INTERNACIONAL', 2, 5, 2, '2021-09-18 17:05:14', '2021-09-18 17:05:14'),
(181, '5620021', 'NEGOCIOS ESPECIALIDAD: COMERCIO INTERNACIONAL', 2, 5, 2, '2021-09-18 17:05:14', '2021-09-18 17:05:14'),
(182, '5620021', 'GESTIÓN COMERCIAL', 1, 5, 3, '2021-09-18 17:05:14', '2021-09-18 17:05:14'),
(183, '5620021', 'MARKETING Y VENTAS', 1, 5, 3, '2021-09-18 17:05:14', '2021-09-18 17:05:14'),
(184, '5620021', 'MARKETING ', 1, 5, 3, '2021-09-18 17:05:14', '2021-09-18 17:05:14'),
(185, '5620021', 'MARKETING EMPRESIARAL', 1, 5, 3, '2021-09-18 17:05:14', '2021-09-18 17:05:14'),
(186, '5620021', 'MARKETING INTEGRAL', 1, 5, 3, '2021-09-18 17:05:14', '2021-09-18 17:05:14'),
(187, '5620021', 'MERCADOTECNIA', 1, 5, 3, '2021-09-18 17:05:14', '2021-09-18 17:05:14'),
(188, '5620021', 'CIENCIAS DE LA COMUNICACIÓN', 1, 5, 3, '2021-09-18 17:05:14', '2021-09-18 17:05:14'),
(189, '5620021', 'COMUNICACIÓN SOCIAL', 1, 5, 3, '2021-09-18 17:05:14', '2021-09-18 17:05:14'),
(190, '5620021', 'LOCUCIÓN Y COMUNICACIÓN DE RADIO Y TELEVISIÓN', 2, 5, 3, '2021-09-18 17:05:14', '2021-09-18 17:05:14'),
(191, '5620021', 'ESTRATEGIA DE VENTA', 3, 5, 3, '2021-09-18 17:05:14', '2021-09-18 17:05:14'),
(192, '5620021', 'LOCUCIÓN Y COMUNICACIÓN DE RADIO Y TV', 3, 5, 3, '2021-09-18 17:05:14', '2021-09-18 17:05:14'),
(193, '5620021', 'ADMINISTRACIÓN DE NEGOCIÓS Y VENTAS', 1, 5, 4, '2021-09-18 17:05:14', '2021-09-18 17:05:14'),
(194, '5620021', 'ADMINISTRACIÓN Y GESTIÓN EMPRESARIAL', 1, 5, 4, '2021-09-18 17:05:14', '2021-09-18 17:05:14'),
(195, '5620021', 'RELACIONES PÚBLICAS', 1, 5, 4, '2021-09-18 17:05:14', '2021-09-18 17:05:14'),
(196, '5620021', 'ADMINISTRACIÓN DE EMPRESAS TURÍSTICAS', 1, 5, 4, '2021-09-18 17:05:14', '2021-09-18 17:05:14'),
(197, '5620021', 'ADMINISTRACIÓN DE HOTELES RESTAURANTES Y AFINES', 1, 5, 4, '2021-09-18 17:05:14', '2021-09-18 17:05:14'),
(198, '5620021', 'ADMINISTRACIÓN DE SERVICIOS DE HOSTELERIA', 1, 5, 4, '2021-09-18 17:05:14', '2021-09-18 17:05:14'),
(199, '5620021', 'ADMINISTRACIÓN HOTELERA', 1, 5, 4, '2021-09-18 17:05:14', '2021-09-18 17:05:14'),
(200, '5620021', 'ADMINISTRACIÓN Y GERENCIA EN HOTELERIA INTERNACIONAL', 1, 5, 4, '2021-09-18 17:05:14', '2021-09-18 17:05:14'),
(201, '5620021', 'ADMINISTRACIÓN DE HOTELES', 2, 5, 4, '2021-09-18 17:05:14', '2021-09-18 17:05:14'),
(202, '5620021', 'ADMINISTRACIÓN DE RESTAURANTES', 2, 5, 4, '2021-09-18 17:05:14', '2021-09-18 17:05:14'),
(203, '5620021', 'GESTIÓN EMPRESARIAL', 3, 5, 4, '2021-09-18 17:05:14', '2021-09-18 17:05:14'),
(204, '5620021', 'VENTA AL DETALLE EN TIENDA', 3, 5, 4, '2021-09-18 17:05:14', '2021-09-18 17:05:14'),
(205, '5620021', 'ADMINISTRACIÓN', 1, 5, 6, '2021-09-18 17:05:14', '2021-09-18 17:05:14'),
(206, '5620021', 'ADMINISTRACION DE EMPRESAS', 1, 5, 6, '2021-09-18 17:05:14', '2021-09-18 17:05:14'),
(207, '5620021', 'ADMINISTRACIÓN DE NEGOCIOS (6 SEMESTRES)', 1, 5, 6, '2021-09-18 17:05:14', '2021-09-18 17:05:14'),
(208, '5620021', 'ADMINISTRACIÓN DE NEGOCIOS (8 SEMESTRES)', 1, 5, 6, '2021-09-18 17:05:14', '2021-09-18 17:05:14'),
(209, '5620021', 'ADMINISTRACIÓN EJECUTIVA', 1, 5, 6, '2021-09-18 17:05:14', '2021-09-18 17:05:14'),
(210, '5620021', 'COMERCIO', 1, 5, 6, '2021-09-18 17:05:14', '2021-09-18 17:05:14'),
(211, '5620021', 'ARCHIVISTA', 1, 6, 1, '2021-09-18 17:05:14', '2021-09-18 17:05:14'),
(212, '5620021', 'ESPECIALISTA MONEDA EXTRANJERA', 1, 6, 1, '2021-09-18 17:05:14', '2021-09-18 17:05:14'),
(213, '5620021', 'ADMINISTRACIÓN DE SERVICIOS DE POSTALES', 1, 6, 1, '2021-09-18 17:05:14', '2021-09-18 17:05:14'),
(214, '5620021', 'COMERCIO Y PRODUCCIÓN', 2, 6, 1, '2021-09-18 17:05:14', '2021-09-18 17:05:14'),
(215, '5620021', 'LOGÍSTICA Y ALMACENES', 2, 6, 1, '2021-09-18 17:05:14', '2021-09-18 17:05:14'),
(216, '5620021', 'LOGÍSTICA Y ALMACEN', 3, 6, 1, '2021-09-18 17:05:14', '2021-09-18 17:05:14'),
(217, '5620021', 'ASISTENTE DE COMPUTACIÓN', 3, 6, 1, '2021-09-18 17:05:14', '2021-09-18 17:05:14'),
(218, '5620021', 'DIGITACIÓN', 3, 6, 1, '2021-09-18 17:05:14', '2021-09-18 17:05:14'),
(219, '5620021', 'OPERADOR DE PROGRAMAS DE COMPUTACIÓN E INFORMÁTICA', 3, 6, 1, '2021-09-18 17:05:14', '2021-09-18 17:05:14'),
(220, '5620021', 'ADMINISTRACIÓN BANCARIA (POR COMPETENCIAS)', 1, 6, 2, '2021-09-18 17:05:14', '2021-09-18 17:05:14'),
(221, '5620021', 'ADMINISTRACIÓN DE BANCA Y FINANZAS', 1, 6, 2, '2021-09-18 17:05:14', '2021-09-18 17:05:14'),
(222, '5620021', 'ADMINISTRACIÓN BANCARIA ', 1, 6, 2, '2021-09-18 17:05:14', '2021-09-18 17:05:14'),
(223, '5620021', 'ADMINISTRACIÓN BANCARIA Y FINANCIERA', 1, 6, 2, '2021-09-18 17:05:14', '2021-09-18 17:05:14'),
(224, '5620021', 'ADMINISTGRACIÓN FINANCIERA Y BANCARIA', 1, 6, 2, '2021-09-18 17:05:14', '2021-09-18 17:05:14'),
(225, '5620021', 'BANCA Y FINANZAS', 1, 6, 2, '2021-09-18 17:05:14', '2021-09-18 17:05:14'),
(226, '5620021', 'FINANZAS', 1, 6, 2, '2021-09-18 17:05:14', '2021-09-18 17:05:14'),
(227, '5620021', 'CONTABILIDAD (SUPERIOR)', 1, 6, 2, '2021-09-18 17:05:14', '2021-09-18 17:05:14'),
(228, '5620021', 'CONTABILIDAD (MEDIO)', 2, 6, 2, '2021-09-18 17:05:14', '2021-09-18 17:05:14'),
(229, '5620021', 'ADMINISTRACIÓN Y COMERCIO', 3, 6, 2, '2021-09-18 17:05:14', '2021-09-18 17:05:14'),
(230, '5620021', 'CONTABILIDAD COMERCIAL', 3, 6, 2, '2021-09-18 17:05:14', '2021-09-18 17:05:14'),
(231, '5620021', 'CONTABILIDAD COMPUTARIZADA', 3, 6, 2, '2021-09-18 17:05:14', '2021-09-18 17:05:14'),
(232, '5620021', 'ASISTENTE EJECUTIVO', 1, 6, 4, '2021-09-18 17:05:14', '2021-09-18 17:05:14'),
(233, '5620021', 'SECRETARIADO EJECUTIVO', 1, 6, 4, '2021-09-18 17:05:14', '2021-09-18 17:05:14'),
(234, '5620021', 'SECRETARIADO EJECUTIVO BILINGÜE', 1, 6, 4, '2021-09-18 17:05:14', '2021-09-18 17:05:14'),
(235, '5620021', 'SECRETARIADO EJECUTIVO COMPUTARIZADO (6 SEMESTRES)', 1, 6, 4, '2021-09-18 17:05:14', '2021-09-18 17:05:14'),
(236, '5620021', 'ASISTENCIA DE OFICINA', 3, 6, 4, '2021-09-18 17:05:14', '2021-09-18 17:05:14'),
(237, '5620021', 'SECRETARIADO COMERCIAL', 3, 6, 4, '2021-09-18 17:05:14', '2021-09-18 17:05:14'),
(238, '5620021', 'SECRETARIADO COMPUTARIZADO (2 SEMESTRES)', 3, 6, 4, '2021-09-18 17:05:14', '2021-09-18 17:05:14'),
(239, '5620021', 'SECRETARIADO EJECUTIVO COMPUTARIZADO (2 SEMESTRES)', 3, 6, 4, '2021-09-18 17:05:14', '2021-09-18 17:05:14'),
(240, '5620021', 'SECRETARIADO EJECUTIVO Y GERENCIA', 1, 6, 5, '2021-09-18 17:05:14', '2021-09-18 17:05:14'),
(241, '5620021', 'SECRETARIADO INTERNACIONAL EJECUTIVO', 1, 6, 5, '2021-09-18 17:05:14', '2021-09-18 17:05:14'),
(242, '5620021', 'OPERACIONES DE VIAJES', 1, 6, 5, '2021-09-18 17:05:14', '2021-09-18 17:05:14'),
(243, '5620021', 'OPERACIONES HOTELERAS', 1, 6, 5, '2021-09-18 17:05:14', '2021-09-18 17:05:14');

-- --------------------------------------------------------

--
-- Estructura de tabla para la tabla `detalle_test`
--

CREATE TABLE `detalle_test` (
  `id` int(11) NOT NULL,
  `folio` varchar(100) COLLATE utf8_spanish_ci NOT NULL,
  `id_pregunta` int(11) NOT NULL,
  `respuesta` tinyint(1) NOT NULL,
  `fecha_alta` timestamp NOT NULL DEFAULT current_timestamp(),
  `fecha_edit` timestamp NOT NULL DEFAULT current_timestamp()
) ENGINE=InnoDB DEFAULT CHARSET=utf8 COLLATE=utf8_spanish_ci;

--
-- Volcado de datos para la tabla `detalle_test`
--

INSERT INTO `detalle_test` (`id`, `folio`, `id_pregunta`, `respuesta`, `fecha_alta`, `fecha_edit`) VALUES
(1, '', 1, 1, '2021-09-15 08:26:03', '2021-09-15 08:26:03'),
(2, '', 2, 1, '2021-09-15 08:26:03', '2021-09-15 08:26:03'),
(3, '', 3, 1, '2021-09-15 08:26:03', '2021-09-15 08:26:03'),
(4, '', 4, 1, '2021-09-15 08:26:03', '2021-09-15 08:26:03'),
(5, '', 12, 1, '2021-09-15 08:26:03', '2021-09-15 08:26:03'),
(6, '', 13, 1, '2021-09-15 08:26:03', '2021-09-15 08:26:03'),
(7, '', 14, 1, '2021-09-15 08:26:03', '2021-09-15 08:26:03'),
(8, '', 15, 1, '2021-09-15 08:26:03', '2021-09-15 08:26:03'),
(9, '', 23, 1, '2021-09-15 08:26:03', '2021-09-15 08:26:03'),
(10, '', 24, 1, '2021-09-15 08:26:03', '2021-09-15 08:26:03'),
(11, '', 25, 1, '2021-09-15 08:26:03', '2021-09-15 08:26:03'),
(12, '', 26, 1, '2021-09-15 08:26:03', '2021-09-15 08:26:03'),
(13, '', 34, 1, '2021-09-15 08:26:03', '2021-09-15 08:26:03'),
(14, '', 36, 1, '2021-09-15 08:26:03', '2021-09-15 08:26:03'),
(15, '', 37, 1, '2021-09-15 08:26:03', '2021-09-15 08:26:03'),
(16, '', 38, 1, '2021-09-15 08:26:03', '2021-09-15 08:26:03'),
(17, '', 35, 1, '2021-09-15 08:26:03', '2021-09-15 08:26:03'),
(18, '', 46, 1, '2021-09-15 08:26:03', '2021-09-15 08:26:03'),
(19, '', 47, 1, '2021-09-15 08:26:03', '2021-09-15 08:26:03'),
(20, '', 48, 1, '2021-09-15 08:26:03', '2021-09-15 08:26:03'),
(21, '', 56, 1, '2021-09-15 08:26:03', '2021-09-15 08:26:03'),
(22, '', 57, 1, '2021-09-15 08:26:03', '2021-09-15 08:26:03'),
(23, '', 58, 1, '2021-09-15 08:26:03', '2021-09-15 08:26:03'),
(24, '', 59, 1, '2021-09-15 08:26:03', '2021-09-15 08:26:03'),
(25, '', 67, 1, '2021-09-15 08:26:03', '2021-09-15 08:26:03'),
(26, '', 68, 1, '2021-09-15 08:26:03', '2021-09-15 08:26:03'),
(27, '', 69, 1, '2021-09-15 08:26:03', '2021-09-15 08:26:03'),
(28, '', 70, 1, '2021-09-15 08:26:03', '2021-09-15 08:26:03'),
(29, '', 78, 1, '2021-09-15 08:26:03', '2021-09-15 08:26:03'),
(30, '', 79, 1, '2021-09-15 08:26:03', '2021-09-15 08:26:03'),
(31, '', 80, 1, '2021-09-15 08:26:03', '2021-09-15 08:26:03'),
(32, '', 81, 1, '2021-09-15 08:26:03', '2021-09-15 08:26:03'),
(33, '', 89, 1, '2021-09-15 08:26:03', '2021-09-15 08:26:03'),
(34, '', 90, 1, '2021-09-15 08:26:03', '2021-09-15 08:26:03'),
(35, '', 91, 1, '2021-09-15 08:26:03', '2021-09-15 08:26:03'),
(36, '', 92, 1, '2021-09-15 08:26:03', '2021-09-15 08:26:03'),
(37, '', 100, 1, '2021-09-15 08:26:03', '2021-09-15 08:26:03'),
(38, '', 101, 1, '2021-09-15 08:26:03', '2021-09-15 08:26:03'),
(39, '', 102, 1, '2021-09-15 08:26:03', '2021-09-15 08:26:03'),
(40, '', 103, 1, '2021-09-15 08:26:03', '2021-09-15 08:26:03'),
(41, '', 111, 1, '2021-09-15 08:26:03', '2021-09-15 08:26:03'),
(42, '', 112, 1, '2021-09-15 08:26:03', '2021-09-15 08:26:03'),
(43, '', 113, 1, '2021-09-15 08:26:03', '2021-09-15 08:26:03'),
(44, '', 114, 1, '2021-09-15 08:26:03', '2021-09-15 08:26:03'),
(45, '', 122, 1, '2021-09-15 08:26:03', '2021-09-15 08:26:03'),
(46, '', 123, 1, '2021-09-15 08:26:03', '2021-09-15 08:26:03'),
(47, '', 124, 1, '2021-09-15 08:26:03', '2021-09-15 08:26:03'),
(48, '', 125, 1, '2021-09-15 08:26:03', '2021-09-15 08:26:03'),
(49, '', 133, 1, '2021-09-15 08:26:03', '2021-09-15 08:26:03'),
(50, '', 134, 1, '2021-09-15 08:26:03', '2021-09-15 08:26:03'),
(51, '', 135, 1, '2021-09-15 08:26:03', '2021-09-15 08:26:03'),
(52, '', 136, 1, '2021-09-15 08:26:03', '2021-09-15 08:26:03'),
(53, '', 144, 1, '2021-09-15 08:26:03', '2021-09-15 08:26:03'),
(54, '', 145, 1, '2021-09-15 08:26:03', '2021-09-15 08:26:03'),
(55, '', 146, 1, '2021-09-15 08:26:03', '2021-09-15 08:26:03'),
(56, '', 147, 1, '2021-09-15 08:26:03', '2021-09-15 08:26:03'),
(57, '', 155, 1, '2021-09-15 08:26:03', '2021-09-15 08:26:03'),
(58, '', 156, 1, '2021-09-15 08:26:03', '2021-09-15 08:26:03'),
(59, '', 157, 1, '2021-09-15 08:26:03', '2021-09-15 08:26:03'),
(60, '', 158, 1, '2021-09-15 08:26:03', '2021-09-15 08:26:03'),
(61, '', 166, 1, '2021-09-15 08:26:03', '2021-09-15 08:26:03'),
(62, '', 167, 1, '2021-09-15 08:26:03', '2021-09-15 08:26:03'),
(63, '', 168, 1, '2021-09-15 08:26:03', '2021-09-15 08:26:03'),
(64, '', 169, 1, '2021-09-15 08:26:03', '2021-09-15 08:26:03'),
(65, '', 177, 1, '2021-09-15 08:26:03', '2021-09-15 08:26:03'),
(66, '', 178, 1, '2021-09-15 08:26:03', '2021-09-15 08:26:03'),
(67, '', 179, 1, '2021-09-15 08:26:03', '2021-09-15 08:26:03'),
(68, '', 180, 1, '2021-09-15 08:26:03', '2021-09-15 08:26:03'),
(69, '', 187, 1, '2021-09-15 08:26:03', '2021-09-15 08:26:03'),
(70, '', 188, 1, '2021-09-15 08:26:03', '2021-09-15 08:26:03'),
(71, '', 189, 1, '2021-09-15 08:26:03', '2021-09-15 08:26:03'),
(72, '', 190, 1, '2021-09-15 08:26:03', '2021-09-15 08:26:03'),
(73, '', 1, 1, '2021-09-15 08:31:08', '2021-09-15 08:31:08'),
(74, '', 2, 1, '2021-09-15 08:31:08', '2021-09-15 08:31:08'),
(75, '', 3, 1, '2021-09-15 08:31:08', '2021-09-15 08:31:08'),
(76, '', 4, 1, '2021-09-15 08:31:08', '2021-09-15 08:31:08'),
(77, '', 5, 0, '2021-09-15 08:31:08', '2021-09-15 08:31:08'),
(78, '', 6, 0, '2021-09-15 08:31:08', '2021-09-15 08:31:08'),
(79, '', 7, 0, '2021-09-15 08:31:08', '2021-09-15 08:31:08'),
(80, '', 8, 0, '2021-09-15 08:31:08', '2021-09-15 08:31:08'),
(81, '', 9, 0, '2021-09-15 08:31:08', '2021-09-15 08:31:08'),
(82, '', 10, 0, '2021-09-15 08:31:08', '2021-09-15 08:31:08'),
(83, '', 11, 0, '2021-09-15 08:31:08', '2021-09-15 08:31:08'),
(84, '', 12, 1, '2021-09-15 08:31:08', '2021-09-15 08:31:08'),
(85, '', 13, 1, '2021-09-15 08:31:08', '2021-09-15 08:31:08'),
(86, '', 14, 1, '2021-09-15 08:31:08', '2021-09-15 08:31:08'),
(87, '', 15, 0, '2021-09-15 08:31:08', '2021-09-15 08:31:08'),
(88, '', 16, 0, '2021-09-15 08:31:08', '2021-09-15 08:31:08'),
(89, '', 17, 0, '2021-09-15 08:31:08', '2021-09-15 08:31:08'),
(90, '', 18, 0, '2021-09-15 08:31:08', '2021-09-15 08:31:08'),
(91, '', 19, 0, '2021-09-15 08:31:08', '2021-09-15 08:31:08'),
(92, '', 20, 0, '2021-09-15 08:31:08', '2021-09-15 08:31:08'),
(93, '', 21, 0, '2021-09-15 08:31:08', '2021-09-15 08:31:08'),
(94, '', 22, 0, '2021-09-15 08:31:08', '2021-09-15 08:31:08'),
(95, '', 23, 0, '2021-09-15 08:31:08', '2021-09-15 08:31:08'),
(96, '', 24, 0, '2021-09-15 08:31:08', '2021-09-15 08:31:08'),
(97, '', 25, 0, '2021-09-15 08:31:08', '2021-09-15 08:31:08'),
(98, '', 26, 1, '2021-09-15 08:31:08', '2021-09-15 08:31:08'),
(99, '', 27, 1, '2021-09-15 08:31:08', '2021-09-15 08:31:08'),
(100, '', 28, 0, '2021-09-15 08:31:09', '2021-09-15 08:31:09'),
(101, '', 29, 0, '2021-09-15 08:31:09', '2021-09-15 08:31:09'),
(102, '', 30, 0, '2021-09-15 08:31:09', '2021-09-15 08:31:09'),
(103, '', 31, 0, '2021-09-15 08:31:09', '2021-09-15 08:31:09'),
(104, '', 32, 0, '2021-09-15 08:31:09', '2021-09-15 08:31:09'),
(105, '', 33, 0, '2021-09-15 08:31:09', '2021-09-15 08:31:09'),
(106, '', 34, 1, '2021-09-15 08:31:09', '2021-09-15 08:31:09'),
(107, '', 36, 1, '2021-09-15 08:31:09', '2021-09-15 08:31:09'),
(108, '', 37, 1, '2021-09-15 08:31:09', '2021-09-15 08:31:09'),
(109, '', 38, 1, '2021-09-15 08:31:09', '2021-09-15 08:31:09'),
(110, '', 39, 1, '2021-09-15 08:31:09', '2021-09-15 08:31:09'),
(111, '', 40, 1, '2021-09-15 08:31:09', '2021-09-15 08:31:09'),
(112, '', 41, 1, '2021-09-15 08:31:09', '2021-09-15 08:31:09'),
(113, '', 45, 0, '2021-09-15 08:31:09', '2021-09-15 08:31:09'),
(114, '', 43, 0, '2021-09-15 08:31:09', '2021-09-15 08:31:09'),
(115, '', 42, 0, '2021-09-15 08:31:09', '2021-09-15 08:31:09'),
(116, '', 35, 0, '2021-09-15 08:31:09', '2021-09-15 08:31:09'),
(117, '', 46, 0, '2021-09-15 08:31:09', '2021-09-15 08:31:09'),
(118, '', 47, 0, '2021-09-15 08:31:09', '2021-09-15 08:31:09'),
(119, '', 48, 0, '2021-09-15 08:31:09', '2021-09-15 08:31:09'),
(120, '', 49, 0, '2021-09-15 08:31:09', '2021-09-15 08:31:09'),
(121, '', 50, 0, '2021-09-15 08:31:09', '2021-09-15 08:31:09'),
(122, '', 51, 0, '2021-09-15 08:31:09', '2021-09-15 08:31:09'),
(123, '', 52, 0, '2021-09-15 08:31:09', '2021-09-15 08:31:09'),
(124, '', 53, 0, '2021-09-15 08:31:09', '2021-09-15 08:31:09'),
(125, '', 54, 0, '2021-09-15 08:31:09', '2021-09-15 08:31:09'),
(126, '', 55, 0, '2021-09-15 08:31:09', '2021-09-15 08:31:09'),
(127, '', 56, 0, '2021-09-15 08:31:09', '2021-09-15 08:31:09'),
(128, '', 57, 0, '2021-09-15 08:31:09', '2021-09-15 08:31:09'),
(129, '', 58, 0, '2021-09-15 08:31:09', '2021-09-15 08:31:09'),
(130, '', 59, 0, '2021-09-15 08:31:09', '2021-09-15 08:31:09'),
(131, '', 60, 0, '2021-09-15 08:31:09', '2021-09-15 08:31:09'),
(132, '', 61, 0, '2021-09-15 08:31:09', '2021-09-15 08:31:09'),
(133, '', 62, 0, '2021-09-15 08:31:09', '2021-09-15 08:31:09'),
(134, '', 63, 0, '2021-09-15 08:31:09', '2021-09-15 08:31:09'),
(135, '', 64, 0, '2021-09-15 08:31:09', '2021-09-15 08:31:09'),
(136, '', 65, 0, '2021-09-15 08:31:09', '2021-09-15 08:31:09'),
(137, '', 67, 0, '2021-09-15 08:31:09', '2021-09-15 08:31:09'),
(138, '', 68, 0, '2021-09-15 08:31:09', '2021-09-15 08:31:09'),
(139, '', 69, 1, '2021-09-15 08:31:09', '2021-09-15 08:31:09'),
(140, '', 70, 1, '2021-09-15 08:31:09', '2021-09-15 08:31:09'),
(141, '', 71, 1, '2021-09-15 08:31:09', '2021-09-15 08:31:09'),
(142, '', 72, 1, '2021-09-15 08:31:09', '2021-09-15 08:31:09'),
(143, '', 73, 1, '2021-09-15 08:31:09', '2021-09-15 08:31:09'),
(144, '', 74, 1, '2021-09-15 08:31:09', '2021-09-15 08:31:09'),
(145, '', 75, 1, '2021-09-15 08:31:09', '2021-09-15 08:31:09'),
(146, '', 76, 1, '2021-09-15 08:31:09', '2021-09-15 08:31:09'),
(147, '', 77, 1, '2021-09-15 08:31:09', '2021-09-15 08:31:09'),
(148, '', 78, 1, '2021-09-15 08:31:09', '2021-09-15 08:31:09'),
(149, '', 79, 1, '2021-09-15 08:31:09', '2021-09-15 08:31:09'),
(150, '', 80, 1, '2021-09-15 08:31:09', '2021-09-15 08:31:09'),
(151, '', 81, 1, '2021-09-15 08:31:09', '2021-09-15 08:31:09'),
(152, '', 82, 1, '2021-09-15 08:31:09', '2021-09-15 08:31:09'),
(153, '', 83, 1, '2021-09-15 08:31:09', '2021-09-15 08:31:09'),
(154, '', 84, 1, '2021-09-15 08:31:09', '2021-09-15 08:31:09'),
(155, '', 85, 1, '2021-09-15 08:31:09', '2021-09-15 08:31:09'),
(156, '', 86, 1, '2021-09-15 08:31:09', '2021-09-15 08:31:09'),
(157, '', 87, 1, '2021-09-15 08:31:09', '2021-09-15 08:31:09'),
(158, '', 88, 1, '2021-09-15 08:31:09', '2021-09-15 08:31:09'),
(159, '', 89, 0, '2021-09-15 08:31:09', '2021-09-15 08:31:09'),
(160, '', 90, 0, '2021-09-15 08:31:09', '2021-09-15 08:31:09'),
(161, '', 91, 0, '2021-09-15 08:31:09', '2021-09-15 08:31:09'),
(162, '', 92, 0, '2021-09-15 08:31:09', '2021-09-15 08:31:09'),
(163, '', 93, 0, '2021-09-15 08:31:09', '2021-09-15 08:31:09'),
(164, '', 94, 0, '2021-09-15 08:31:09', '2021-09-15 08:31:09'),
(165, '', 95, 0, '2021-09-15 08:31:09', '2021-09-15 08:31:09'),
(166, '', 96, 0, '2021-09-15 08:31:09', '2021-09-15 08:31:09'),
(167, '', 97, 0, '2021-09-15 08:31:09', '2021-09-15 08:31:09'),
(168, '', 98, 0, '2021-09-15 08:31:09', '2021-09-15 08:31:09'),
(169, '', 99, 0, '2021-09-15 08:31:09', '2021-09-15 08:31:09'),
(170, '', 100, 0, '2021-09-15 08:31:09', '2021-09-15 08:31:09'),
(171, '', 101, 0, '2021-09-15 08:31:09', '2021-09-15 08:31:09'),
(172, '', 102, 0, '2021-09-15 08:31:09', '2021-09-15 08:31:09'),
(173, '', 103, 0, '2021-09-15 08:31:09', '2021-09-15 08:31:09'),
(174, '', 104, 0, '2021-09-15 08:31:09', '2021-09-15 08:31:09'),
(175, '', 105, 0, '2021-09-15 08:31:09', '2021-09-15 08:31:09'),
(176, '', 106, 0, '2021-09-15 08:31:09', '2021-09-15 08:31:09'),
(177, '', 107, 0, '2021-09-15 08:31:09', '2021-09-15 08:31:09'),
(178, '', 108, 0, '2021-09-15 08:31:09', '2021-09-15 08:31:09'),
(179, '', 109, 0, '2021-09-15 08:31:09', '2021-09-15 08:31:09'),
(180, '', 110, 0, '2021-09-15 08:31:09', '2021-09-15 08:31:09'),
(181, '', 111, 0, '2021-09-15 08:31:09', '2021-09-15 08:31:09'),
(182, '', 112, 0, '2021-09-15 08:31:09', '2021-09-15 08:31:09'),
(183, '', 113, 0, '2021-09-15 08:31:09', '2021-09-15 08:31:09'),
(184, '', 114, 0, '2021-09-15 08:31:09', '2021-09-15 08:31:09'),
(185, '', 115, 0, '2021-09-15 08:31:09', '2021-09-15 08:31:09'),
(186, '', 116, 0, '2021-09-15 08:31:09', '2021-09-15 08:31:09'),
(187, '', 117, 0, '2021-09-15 08:31:09', '2021-09-15 08:31:09'),
(188, '', 118, 0, '2021-09-15 08:31:09', '2021-09-15 08:31:09'),
(189, '', 119, 0, '2021-09-15 08:31:09', '2021-09-15 08:31:09'),
(190, '', 120, 0, '2021-09-15 08:31:09', '2021-09-15 08:31:09'),
(191, '', 121, 1, '2021-09-15 08:31:09', '2021-09-15 08:31:09'),
(192, '', 122, 1, '2021-09-15 08:31:09', '2021-09-15 08:31:09'),
(193, '', 123, 1, '2021-09-15 08:31:09', '2021-09-15 08:31:09'),
(194, '', 124, 1, '2021-09-15 08:31:09', '2021-09-15 08:31:09'),
(195, '', 125, 0, '2021-09-15 08:31:09', '2021-09-15 08:31:09'),
(196, '', 126, 0, '2021-09-15 08:31:09', '2021-09-15 08:31:09'),
(197, '', 127, 0, '2021-09-15 08:31:09', '2021-09-15 08:31:09'),
(198, '', 128, 0, '2021-09-15 08:31:09', '2021-09-15 08:31:09'),
(199, '', 129, 0, '2021-09-15 08:31:09', '2021-09-15 08:31:09'),
(200, '', 130, 0, '2021-09-15 08:31:09', '2021-09-15 08:31:09'),
(201, '', 131, 0, '2021-09-15 08:31:09', '2021-09-15 08:31:09'),
(202, '', 132, 0, '2021-09-15 08:31:09', '2021-09-15 08:31:09'),
(203, '', 133, 0, '2021-09-15 08:31:09', '2021-09-15 08:31:09'),
(204, '', 134, 0, '2021-09-15 08:31:09', '2021-09-15 08:31:09'),
(205, '', 135, 0, '2021-09-15 08:31:09', '2021-09-15 08:31:09'),
(206, '', 136, 1, '2021-09-15 08:31:09', '2021-09-15 08:31:09'),
(207, '', 137, 1, '2021-09-15 08:31:09', '2021-09-15 08:31:09'),
(208, '', 138, 1, '2021-09-15 08:31:09', '2021-09-15 08:31:09'),
(209, '', 139, 1, '2021-09-15 08:31:09', '2021-09-15 08:31:09'),
(210, '', 140, 1, '2021-09-15 08:31:09', '2021-09-15 08:31:09'),
(211, '', 141, 1, '2021-09-15 08:31:09', '2021-09-15 08:31:09'),
(212, '', 142, 1, '2021-09-15 08:31:09', '2021-09-15 08:31:09'),
(213, '', 143, 1, '2021-09-15 08:31:09', '2021-09-15 08:31:09'),
(214, '', 144, 0, '2021-09-15 08:31:09', '2021-09-15 08:31:09'),
(215, '', 145, 0, '2021-09-15 08:31:09', '2021-09-15 08:31:09'),
(216, '', 146, 0, '2021-09-15 08:31:09', '2021-09-15 08:31:09'),
(217, '', 147, 1, '2021-09-15 08:31:09', '2021-09-15 08:31:09'),
(218, '', 148, 1, '2021-09-15 08:31:09', '2021-09-15 08:31:09'),
(219, '', 149, 1, '2021-09-15 08:31:09', '2021-09-15 08:31:09'),
(220, '', 150, 0, '2021-09-15 08:31:09', '2021-09-15 08:31:09'),
(221, '', 151, 0, '2021-09-15 08:31:09', '2021-09-15 08:31:09'),
(222, '', 152, 0, '2021-09-15 08:31:09', '2021-09-15 08:31:09'),
(223, '', 153, 0, '2021-09-15 08:31:09', '2021-09-15 08:31:09'),
(224, '', 154, 1, '2021-09-15 08:31:09', '2021-09-15 08:31:09'),
(225, '', 155, 1, '2021-09-15 08:31:09', '2021-09-15 08:31:09'),
(226, '', 156, 1, '2021-09-15 08:31:09', '2021-09-15 08:31:09'),
(227, '', 157, 1, '2021-09-15 08:31:09', '2021-09-15 08:31:09'),
(228, '', 158, 1, '2021-09-15 08:31:09', '2021-09-15 08:31:09'),
(229, '', 159, 0, '2021-09-15 08:31:09', '2021-09-15 08:31:09'),
(230, '', 160, 0, '2021-09-15 08:31:09', '2021-09-15 08:31:09'),
(231, '', 161, 0, '2021-09-15 08:31:09', '2021-09-15 08:31:09'),
(232, '', 162, 0, '2021-09-15 08:31:09', '2021-09-15 08:31:09'),
(233, '', 163, 0, '2021-09-15 08:31:09', '2021-09-15 08:31:09'),
(234, '', 164, 0, '2021-09-15 08:31:09', '2021-09-15 08:31:09'),
(235, '', 167, 1, '2021-09-15 08:31:09', '2021-09-15 08:31:09'),
(236, '', 166, 1, '2021-09-15 08:31:09', '2021-09-15 08:31:09'),
(237, '', 168, 0, '2021-09-15 08:31:09', '2021-09-15 08:31:09'),
(238, '', 169, 0, '2021-09-15 08:31:09', '2021-09-15 08:31:09'),
(239, '', 170, 0, '2021-09-15 08:31:09', '2021-09-15 08:31:09'),
(240, '', 171, 1, '2021-09-15 08:31:09', '2021-09-15 08:31:09'),
(241, '', 172, 1, '2021-09-15 08:31:09', '2021-09-15 08:31:09'),
(242, '', 173, 1, '2021-09-15 08:31:09', '2021-09-15 08:31:09'),
(243, '', 174, 0, '2021-09-15 08:31:09', '2021-09-15 08:31:09'),
(244, '', 176, 0, '2021-09-15 08:31:09', '2021-09-15 08:31:09'),
(245, '', 175, 0, '2021-09-15 08:31:09', '2021-09-15 08:31:09'),
(246, '', 177, 1, '2021-09-15 08:31:09', '2021-09-15 08:31:09'),
(247, '', 178, 1, '2021-09-15 08:31:09', '2021-09-15 08:31:09'),
(248, '', 179, 1, '2021-09-15 08:31:09', '2021-09-15 08:31:09'),
(249, '', 180, 0, '2021-09-15 08:31:09', '2021-09-15 08:31:09'),
(250, '', 181, 0, '2021-09-15 08:31:09', '2021-09-15 08:31:09'),
(251, '', 182, 0, '2021-09-15 08:31:09', '2021-09-15 08:31:09'),
(252, '', 183, 1, '2021-09-15 08:31:09', '2021-09-15 08:31:09'),
(253, '', 184, 1, '2021-09-15 08:31:09', '2021-09-15 08:31:09'),
(254, '', 185, 1, '2021-09-15 08:31:09', '2021-09-15 08:31:09'),
(255, '', 186, 1, '2021-09-15 08:31:09', '2021-09-15 08:31:09'),
(256, '', 187, 0, '2021-09-15 08:31:09', '2021-09-15 08:31:09'),
(257, '', 188, 0, '2021-09-15 08:31:09', '2021-09-15 08:31:09'),
(258, '', 189, 1, '2021-09-15 08:31:09', '2021-09-15 08:31:09'),
(259, '', 190, 1, '2021-09-15 08:31:09', '2021-09-15 08:31:09'),
(260, '', 191, 1, '2021-09-15 08:31:09', '2021-09-15 08:31:09'),
(261, '', 192, 0, '2021-09-15 08:31:09', '2021-09-15 08:31:09'),
(262, '', 193, 0, '2021-09-15 08:31:09', '2021-09-15 08:31:09'),
(263, '', 194, 0, '2021-09-15 08:31:09', '2021-09-15 08:31:09'),
(264, '', 195, 1, '2021-09-15 08:31:09', '2021-09-15 08:31:09'),
(265, '', 196, 1, '2021-09-15 08:31:09', '2021-09-15 08:31:09'),
(266, '', 197, 1, '2021-09-15 08:31:09', '2021-09-15 08:31:09'),
(267, '', 44, 1, '2021-09-15 08:31:09', '2021-09-15 08:31:09'),
(268, '', 66, 1, '2021-09-15 08:31:09', '2021-09-15 08:31:09'),
(269, '', 1, 1, '2021-09-15 08:39:09', '2021-09-15 08:39:09'),
(270, '', 2, 1, '2021-09-15 08:39:09', '2021-09-15 08:39:09'),
(271, '', 3, 1, '2021-09-15 08:39:09', '2021-09-15 08:39:09'),
(272, '', 5, 1, '2021-09-15 08:39:09', '2021-09-15 08:39:09'),
(273, '', 4, 1, '2021-09-15 08:39:09', '2021-09-15 08:39:09'),
(274, '', 6, 1, '2021-09-15 08:39:09', '2021-09-15 08:39:09'),
(275, '', 7, 1, '2021-09-15 08:39:09', '2021-09-15 08:39:09'),
(276, '', 8, 1, '2021-09-15 08:39:09', '2021-09-15 08:39:09'),
(277, '', 9, 1, '2021-09-15 08:39:09', '2021-09-15 08:39:09'),
(278, '', 10, 1, '2021-09-15 08:39:09', '2021-09-15 08:39:09'),
(279, '', 11, 1, '2021-09-15 08:39:09', '2021-09-15 08:39:09'),
(280, '', 12, 1, '2021-09-15 08:39:09', '2021-09-15 08:39:09'),
(281, '', 13, 1, '2021-09-15 08:39:09', '2021-09-15 08:39:09'),
(282, '', 14, 1, '2021-09-15 08:39:09', '2021-09-15 08:39:09'),
(283, '', 15, 1, '2021-09-15 08:39:09', '2021-09-15 08:39:09'),
(284, '', 16, 1, '2021-09-15 08:39:09', '2021-09-15 08:39:09'),
(285, '', 17, 1, '2021-09-15 08:39:09', '2021-09-15 08:39:09'),
(286, '', 18, 1, '2021-09-15 08:39:09', '2021-09-15 08:39:09'),
(287, '', 19, 1, '2021-09-15 08:39:09', '2021-09-15 08:39:09'),
(288, '', 20, 1, '2021-09-15 08:39:09', '2021-09-15 08:39:09'),
(289, '', 21, 1, '2021-09-15 08:39:09', '2021-09-15 08:39:09'),
(290, '', 22, 1, '2021-09-15 08:39:09', '2021-09-15 08:39:09'),
(291, '', 23, 1, '2021-09-15 08:39:09', '2021-09-15 08:39:09'),
(292, '', 24, 1, '2021-09-15 08:39:09', '2021-09-15 08:39:09'),
(293, '', 25, 1, '2021-09-15 08:39:09', '2021-09-15 08:39:09'),
(294, '', 26, 0, '2021-09-15 08:39:09', '2021-09-15 08:39:09'),
(295, '', 27, 0, '2021-09-15 08:39:09', '2021-09-15 08:39:09'),
(296, '', 28, 0, '2021-09-15 08:39:09', '2021-09-15 08:39:09'),
(297, '', 29, 0, '2021-09-15 08:39:09', '2021-09-15 08:39:09'),
(298, '', 30, 0, '2021-09-15 08:39:09', '2021-09-15 08:39:09'),
(299, '', 31, 0, '2021-09-15 08:39:09', '2021-09-15 08:39:09'),
(300, '', 32, 0, '2021-09-15 08:39:09', '2021-09-15 08:39:09'),
(301, '', 33, 0, '2021-09-15 08:39:09', '2021-09-15 08:39:09'),
(302, '', 34, 0, '2021-09-15 08:39:09', '2021-09-15 08:39:09'),
(303, '', 36, 0, '2021-09-15 08:39:09', '2021-09-15 08:39:09'),
(304, '', 37, 0, '2021-09-15 08:39:09', '2021-09-15 08:39:09'),
(305, '', 38, 0, '2021-09-15 08:39:09', '2021-09-15 08:39:09'),
(306, '', 39, 0, '2021-09-15 08:39:09', '2021-09-15 08:39:09'),
(307, '', 40, 0, '2021-09-15 08:39:09', '2021-09-15 08:39:09'),
(308, '', 41, 1, '2021-09-15 08:39:09', '2021-09-15 08:39:09'),
(309, '', 42, 1, '2021-09-15 08:39:09', '2021-09-15 08:39:09'),
(310, '', 44, 1, '2021-09-15 08:39:09', '2021-09-15 08:39:09'),
(311, '', 43, 1, '2021-09-15 08:39:09', '2021-09-15 08:39:09'),
(312, '', 45, 1, '2021-09-15 08:39:09', '2021-09-15 08:39:09'),
(313, '', 35, 1, '2021-09-15 08:39:09', '2021-09-15 08:39:09'),
(314, '', 46, 1, '2021-09-15 08:39:09', '2021-09-15 08:39:09'),
(315, '', 47, 1, '2021-09-15 08:39:09', '2021-09-15 08:39:09'),
(316, '', 48, 0, '2021-09-15 08:39:09', '2021-09-15 08:39:09'),
(317, '', 49, 0, '2021-09-15 08:39:09', '2021-09-15 08:39:09'),
(318, '', 50, 0, '2021-09-15 08:39:09', '2021-09-15 08:39:09'),
(319, '', 51, 1, '2021-09-15 08:39:09', '2021-09-15 08:39:09'),
(320, '', 52, 1, '2021-09-15 08:39:09', '2021-09-15 08:39:09'),
(321, '', 53, 1, '2021-09-15 08:39:09', '2021-09-15 08:39:09'),
(322, '', 54, 1, '2021-09-15 08:39:09', '2021-09-15 08:39:09'),
(323, '', 55, 1, '2021-09-15 08:39:09', '2021-09-15 08:39:09'),
(324, '', 56, 0, '2021-09-15 08:39:09', '2021-09-15 08:39:09'),
(325, '', 57, 0, '2021-09-15 08:39:09', '2021-09-15 08:39:09'),
(326, '', 58, 0, '2021-09-15 08:39:09', '2021-09-15 08:39:09'),
(327, '', 59, 1, '2021-09-15 08:39:09', '2021-09-15 08:39:09'),
(328, '', 60, 1, '2021-09-15 08:39:09', '2021-09-15 08:39:09'),
(329, '', 61, 0, '2021-09-15 08:39:09', '2021-09-15 08:39:09'),
(330, '', 62, 0, '2021-09-15 08:39:09', '2021-09-15 08:39:09'),
(331, '', 63, 0, '2021-09-15 08:39:09', '2021-09-15 08:39:09'),
(332, '', 64, 0, '2021-09-15 08:39:09', '2021-09-15 08:39:09'),
(333, '', 65, 0, '2021-09-15 08:39:09', '2021-09-15 08:39:09'),
(334, '', 66, 0, '2021-09-15 08:39:09', '2021-09-15 08:39:09'),
(335, '', 67, 1, '2021-09-15 08:39:09', '2021-09-15 08:39:09'),
(336, '', 68, 1, '2021-09-15 08:39:09', '2021-09-15 08:39:09'),
(337, '', 69, 1, '2021-09-15 08:39:09', '2021-09-15 08:39:09'),
(338, '', 71, 1, '2021-09-15 08:39:09', '2021-09-15 08:39:09'),
(339, '', 70, 1, '2021-09-15 08:39:09', '2021-09-15 08:39:09'),
(340, '', 72, 1, '2021-09-15 08:39:09', '2021-09-15 08:39:09'),
(341, '', 73, 1, '2021-09-15 08:39:09', '2021-09-15 08:39:09'),
(342, '', 75, 1, '2021-09-15 08:39:09', '2021-09-15 08:39:09'),
(343, '', 74, 1, '2021-09-15 08:39:09', '2021-09-15 08:39:09'),
(344, '', 76, 0, '2021-09-15 08:39:09', '2021-09-15 08:39:09'),
(345, '', 77, 0, '2021-09-15 08:39:09', '2021-09-15 08:39:09'),
(346, '', 78, 1, '2021-09-15 08:39:09', '2021-09-15 08:39:09'),
(347, '', 79, 1, '2021-09-15 08:39:09', '2021-09-15 08:39:09'),
(348, '', 80, 0, '2021-09-15 08:39:09', '2021-09-15 08:39:09'),
(349, '', 81, 1, '2021-09-15 08:39:09', '2021-09-15 08:39:09'),
(350, '', 82, 0, '2021-09-15 08:39:09', '2021-09-15 08:39:09'),
(351, '', 83, 1, '2021-09-15 08:39:09', '2021-09-15 08:39:09'),
(352, '', 84, 1, '2021-09-15 08:39:09', '2021-09-15 08:39:09'),
(353, '', 85, 1, '2021-09-15 08:39:09', '2021-09-15 08:39:09'),
(354, '', 86, 1, '2021-09-15 08:39:09', '2021-09-15 08:39:09'),
(355, '', 87, 1, '2021-09-15 08:39:09', '2021-09-15 08:39:09'),
(356, '', 88, 1, '2021-09-15 08:39:09', '2021-09-15 08:39:09'),
(357, '', 89, 0, '2021-09-15 08:39:09', '2021-09-15 08:39:09'),
(358, '', 90, 0, '2021-09-15 08:39:09', '2021-09-15 08:39:09'),
(359, '', 91, 0, '2021-09-15 08:39:09', '2021-09-15 08:39:09'),
(360, '', 92, 0, '2021-09-15 08:39:09', '2021-09-15 08:39:09'),
(361, '', 93, 0, '2021-09-15 08:39:09', '2021-09-15 08:39:09'),
(362, '', 94, 1, '2021-09-15 08:39:09', '2021-09-15 08:39:09'),
(363, '', 95, 1, '2021-09-15 08:39:09', '2021-09-15 08:39:09'),
(364, '', 96, 1, '2021-09-15 08:39:09', '2021-09-15 08:39:09'),
(365, '', 97, 1, '2021-09-15 08:39:09', '2021-09-15 08:39:09'),
(366, '', 98, 0, '2021-09-15 08:39:09', '2021-09-15 08:39:09'),
(367, '', 99, 0, '2021-09-15 08:39:09', '2021-09-15 08:39:09'),
(368, '', 100, 1, '2021-09-15 08:39:09', '2021-09-15 08:39:09'),
(369, '', 101, 1, '2021-09-15 08:39:09', '2021-09-15 08:39:09'),
(370, '', 102, 0, '2021-09-15 08:39:09', '2021-09-15 08:39:09'),
(371, '', 103, 0, '2021-09-15 08:39:09', '2021-09-15 08:39:09'),
(372, '', 105, 1, '2021-09-15 08:39:09', '2021-09-15 08:39:09'),
(373, '', 104, 1, '2021-09-15 08:39:09', '2021-09-15 08:39:09'),
(374, '', 106, 1, '2021-09-15 08:39:09', '2021-09-15 08:39:09'),
(375, '', 107, 1, '2021-09-15 08:39:09', '2021-09-15 08:39:09'),
(376, '', 108, 0, '2021-09-15 08:39:09', '2021-09-15 08:39:09'),
(377, '', 109, 0, '2021-09-15 08:39:09', '2021-09-15 08:39:09'),
(378, '', 110, 0, '2021-09-15 08:39:09', '2021-09-15 08:39:09'),
(379, '', 111, 1, '2021-09-15 08:39:09', '2021-09-15 08:39:09'),
(380, '', 112, 1, '2021-09-15 08:39:09', '2021-09-15 08:39:09'),
(381, '', 113, 0, '2021-09-15 08:39:09', '2021-09-15 08:39:09'),
(382, '', 114, 0, '2021-09-15 08:39:09', '2021-09-15 08:39:09'),
(383, '', 115, 0, '2021-09-15 08:39:09', '2021-09-15 08:39:09'),
(384, '', 116, 0, '2021-09-15 08:39:09', '2021-09-15 08:39:09'),
(385, '', 117, 0, '2021-09-15 08:39:09', '2021-09-15 08:39:09'),
(386, '', 118, 1, '2021-09-15 08:39:09', '2021-09-15 08:39:09'),
(387, '', 119, 1, '2021-09-15 08:39:09', '2021-09-15 08:39:09'),
(388, '', 120, 0, '2021-09-15 08:39:09', '2021-09-15 08:39:09'),
(389, '', 121, 0, '2021-09-15 08:39:09', '2021-09-15 08:39:09'),
(390, '', 122, 1, '2021-09-15 08:39:09', '2021-09-15 08:39:09'),
(391, '', 123, 1, '2021-09-15 08:39:09', '2021-09-15 08:39:09'),
(392, '', 124, 1, '2021-09-15 08:39:09', '2021-09-15 08:39:09'),
(393, '', 125, 0, '2021-09-15 08:39:09', '2021-09-15 08:39:09'),
(394, '', 126, 0, '2021-09-15 08:39:09', '2021-09-15 08:39:09'),
(395, '', 127, 0, '2021-09-15 08:39:09', '2021-09-15 08:39:09'),
(396, '', 128, 1, '2021-09-15 08:39:09', '2021-09-15 08:39:09'),
(397, '', 129, 1, '2021-09-15 08:39:09', '2021-09-15 08:39:09'),
(398, '', 130, 1, '2021-09-15 08:39:09', '2021-09-15 08:39:09'),
(399, '', 131, 1, '2021-09-15 08:39:09', '2021-09-15 08:39:09'),
(400, '', 132, 0, '2021-09-15 08:39:09', '2021-09-15 08:39:09'),
(401, '', 133, 1, '2021-09-15 08:39:09', '2021-09-15 08:39:09'),
(402, '', 134, 1, '2021-09-15 08:39:09', '2021-09-15 08:39:09'),
(403, '', 135, 1, '2021-09-15 08:39:09', '2021-09-15 08:39:09'),
(404, '', 137, 0, '2021-09-15 08:39:09', '2021-09-15 08:39:09'),
(405, '', 136, 0, '2021-09-15 08:39:09', '2021-09-15 08:39:09'),
(406, '', 138, 0, '2021-09-15 08:39:09', '2021-09-15 08:39:09'),
(407, '', 139, 1, '2021-09-15 08:39:09', '2021-09-15 08:39:09'),
(408, '', 140, 1, '2021-09-15 08:39:09', '2021-09-15 08:39:09'),
(409, '', 141, 1, '2021-09-15 08:39:09', '2021-09-15 08:39:09'),
(410, '', 142, 1, '2021-09-15 08:39:09', '2021-09-15 08:39:09'),
(411, '', 143, 0, '2021-09-15 08:39:09', '2021-09-15 08:39:09'),
(412, '', 144, 1, '2021-09-15 08:39:09', '2021-09-15 08:39:09'),
(413, '', 145, 1, '2021-09-15 08:39:09', '2021-09-15 08:39:09'),
(414, '', 146, 1, '2021-09-15 08:39:09', '2021-09-15 08:39:09'),
(415, '', 147, 1, '2021-09-15 08:39:09', '2021-09-15 08:39:09'),
(416, '', 148, 1, '2021-09-15 08:39:09', '2021-09-15 08:39:09'),
(417, '', 149, 1, '2021-09-15 08:39:09', '2021-09-15 08:39:09'),
(418, '', 150, 1, '2021-09-15 08:39:09', '2021-09-15 08:39:09'),
(419, '', 151, 1, '2021-09-15 08:39:09', '2021-09-15 08:39:09'),
(420, '', 152, 0, '2021-09-15 08:39:09', '2021-09-15 08:39:09'),
(421, '', 153, 0, '2021-09-15 08:39:09', '2021-09-15 08:39:09'),
(422, '', 154, 0, '2021-09-15 08:39:09', '2021-09-15 08:39:09'),
(423, '', 155, 1, '2021-09-15 08:39:09', '2021-09-15 08:39:09'),
(424, '', 156, 1, '2021-09-15 08:39:09', '2021-09-15 08:39:09'),
(425, '', 157, 1, '2021-09-15 08:39:09', '2021-09-15 08:39:09'),
(426, '', 158, 1, '2021-09-15 08:39:09', '2021-09-15 08:39:09'),
(427, '', 159, 1, '2021-09-15 08:39:09', '2021-09-15 08:39:09'),
(428, '', 160, 1, '2021-09-15 08:39:09', '2021-09-15 08:39:09'),
(429, '', 161, 0, '2021-09-15 08:39:09', '2021-09-15 08:39:09'),
(430, '', 162, 0, '2021-09-15 08:39:09', '2021-09-15 08:39:09'),
(431, '', 163, 0, '2021-09-15 08:39:09', '2021-09-15 08:39:09'),
(432, '', 164, 0, '2021-09-15 08:39:09', '2021-09-15 08:39:09'),
(433, '', 166, 1, '2021-09-15 08:39:09', '2021-09-15 08:39:09'),
(434, '', 167, 1, '2021-09-15 08:39:10', '2021-09-15 08:39:10'),
(435, '', 168, 1, '2021-09-15 08:39:10', '2021-09-15 08:39:10'),
(436, '', 169, 1, '2021-09-15 08:39:10', '2021-09-15 08:39:10'),
(437, '', 170, 1, '2021-09-15 08:39:10', '2021-09-15 08:39:10'),
(438, '', 171, 0, '2021-09-15 08:39:10', '2021-09-15 08:39:10'),
(439, '', 172, 0, '2021-09-15 08:39:10', '2021-09-15 08:39:10'),
(440, '', 173, 0, '2021-09-15 08:39:10', '2021-09-15 08:39:10'),
(441, '', 174, 0, '2021-09-15 08:39:10', '2021-09-15 08:39:10'),
(442, '', 175, 0, '2021-09-15 08:39:10', '2021-09-15 08:39:10'),
(443, '', 176, 1, '2021-09-15 08:39:10', '2021-09-15 08:39:10'),
(444, '', 177, 1, '2021-09-15 08:39:10', '2021-09-15 08:39:10'),
(445, '', 178, 1, '2021-09-15 08:39:10', '2021-09-15 08:39:10'),
(446, '', 179, 1, '2021-09-15 08:39:10', '2021-09-15 08:39:10'),
(447, '', 180, 1, '2021-09-15 08:39:10', '2021-09-15 08:39:10'),
(448, '', 181, 1, '2021-09-15 08:39:10', '2021-09-15 08:39:10'),
(449, '', 182, 0, '2021-09-15 08:39:10', '2021-09-15 08:39:10'),
(450, '', 183, 0, '2021-09-15 08:39:10', '2021-09-15 08:39:10'),
(451, '', 184, 0, '2021-09-15 08:39:10', '2021-09-15 08:39:10'),
(452, '', 185, 0, '2021-09-15 08:39:10', '2021-09-15 08:39:10'),
(453, '', 186, 0, '2021-09-15 08:39:10', '2021-09-15 08:39:10'),
(454, '', 187, 1, '2021-09-15 08:39:10', '2021-09-15 08:39:10'),
(455, '', 188, 1, '2021-09-15 08:39:10', '2021-09-15 08:39:10'),
(456, '', 189, 1, '2021-09-15 08:39:10', '2021-09-15 08:39:10'),
(457, '', 190, 1, '2021-09-15 08:39:10', '2021-09-15 08:39:10'),
(458, '', 191, 0, '2021-09-15 08:39:10', '2021-09-15 08:39:10'),
(459, '', 192, 0, '2021-09-15 08:39:10', '2021-09-15 08:39:10'),
(460, '', 193, 0, '2021-09-15 08:39:10', '2021-09-15 08:39:10'),
(461, '', 194, 0, '2021-09-15 08:39:10', '2021-09-15 08:39:10'),
(462, '', 195, 0, '2021-09-15 08:39:10', '2021-09-15 08:39:10'),
(463, '', 196, 0, '2021-09-15 08:39:10', '2021-09-15 08:39:10'),
(464, '', 197, 0, '2021-09-15 08:39:10', '2021-09-15 08:39:10'),
(465, '', 1, 1, '2021-09-17 02:26:19', '2021-09-17 02:26:19'),
(466, '', 2, 1, '2021-09-17 02:26:19', '2021-09-17 02:26:19'),
(467, '', 3, 0, '2021-09-17 02:26:19', '2021-09-17 02:26:19'),
(468, '', 4, 0, '2021-09-17 02:26:19', '2021-09-17 02:26:19'),
(469, '', 5, 0, '2021-09-17 02:26:19', '2021-09-17 02:26:19'),
(470, '', 6, 0, '2021-09-17 02:26:19', '2021-09-17 02:26:19'),
(471, '', 7, 0, '2021-09-17 02:26:19', '2021-09-17 02:26:19'),
(472, '', 8, 0, '2021-09-17 02:26:19', '2021-09-17 02:26:19'),
(473, '', 9, 0, '2021-09-17 02:26:19', '2021-09-17 02:26:19'),
(474, '', 10, 0, '2021-09-17 02:26:19', '2021-09-17 02:26:19'),
(475, '', 11, 0, '2021-09-17 02:26:19', '2021-09-17 02:26:19'),
(476, '', 12, 1, '2021-09-17 02:26:19', '2021-09-17 02:26:19'),
(477, '', 13, 1, '2021-09-17 02:26:19', '2021-09-17 02:26:19'),
(478, '', 14, 0, '2021-09-17 02:26:19', '2021-09-17 02:26:19'),
(479, '', 15, 0, '2021-09-17 02:26:19', '2021-09-17 02:26:19'),
(480, '', 16, 0, '2021-09-17 02:26:19', '2021-09-17 02:26:19'),
(481, '', 17, 0, '2021-09-17 02:26:19', '2021-09-17 02:26:19'),
(482, '', 18, 0, '2021-09-17 02:26:19', '2021-09-17 02:26:19'),
(483, '', 19, 0, '2021-09-17 02:26:19', '2021-09-17 02:26:19'),
(484, '', 20, 0, '2021-09-17 02:26:19', '2021-09-17 02:26:19'),
(485, '', 21, 0, '2021-09-17 02:26:19', '2021-09-17 02:26:19'),
(486, '', 22, 0, '2021-09-17 02:26:19', '2021-09-17 02:26:19'),
(487, '', 23, 1, '2021-09-17 02:26:19', '2021-09-17 02:26:19'),
(488, '', 24, 1, '2021-09-17 02:26:19', '2021-09-17 02:26:19'),
(489, '', 25, 0, '2021-09-17 02:26:19', '2021-09-17 02:26:19'),
(490, '', 26, 0, '2021-09-17 02:26:19', '2021-09-17 02:26:19'),
(491, '', 27, 0, '2021-09-17 02:26:19', '2021-09-17 02:26:19'),
(492, '', 28, 0, '2021-09-17 02:26:19', '2021-09-17 02:26:19'),
(493, '', 29, 0, '2021-09-17 02:26:19', '2021-09-17 02:26:19'),
(494, '', 30, 0, '2021-09-17 02:26:19', '2021-09-17 02:26:19'),
(495, '', 31, 0, '2021-09-17 02:26:19', '2021-09-17 02:26:19'),
(496, '', 32, 0, '2021-09-17 02:26:19', '2021-09-17 02:26:19'),
(497, '', 33, 0, '2021-09-17 02:26:19', '2021-09-17 02:26:19'),
(498, '', 34, 1, '2021-09-17 02:26:19', '2021-09-17 02:26:19'),
(499, '', 36, 1, '2021-09-17 02:26:19', '2021-09-17 02:26:19'),
(500, '', 37, 0, '2021-09-17 02:26:19', '2021-09-17 02:26:19'),
(501, '', 38, 0, '2021-09-17 02:26:19', '2021-09-17 02:26:19'),
(502, '', 39, 0, '2021-09-17 02:26:19', '2021-09-17 02:26:19'),
(503, '', 40, 0, '2021-09-17 02:26:19', '2021-09-17 02:26:19'),
(504, '', 41, 0, '2021-09-17 02:26:19', '2021-09-17 02:26:19'),
(505, '', 42, 0, '2021-09-17 02:26:19', '2021-09-17 02:26:19'),
(506, '', 43, 0, '2021-09-17 02:26:19', '2021-09-17 02:26:19'),
(507, '', 44, 0, '2021-09-17 02:26:19', '2021-09-17 02:26:19'),
(508, '', 45, 0, '2021-09-17 02:26:19', '2021-09-17 02:26:19'),
(509, '', 35, 1, '2021-09-17 02:26:19', '2021-09-17 02:26:19'),
(510, '', 46, 1, '2021-09-17 02:26:19', '2021-09-17 02:26:19'),
(511, '', 47, 0, '2021-09-17 02:26:19', '2021-09-17 02:26:19'),
(512, '', 48, 0, '2021-09-17 02:26:19', '2021-09-17 02:26:19'),
(513, '', 49, 0, '2021-09-17 02:26:19', '2021-09-17 02:26:19'),
(514, '', 50, 0, '2021-09-17 02:26:19', '2021-09-17 02:26:19'),
(515, '', 51, 0, '2021-09-17 02:26:19', '2021-09-17 02:26:19'),
(516, '', 52, 0, '2021-09-17 02:26:19', '2021-09-17 02:26:19'),
(517, '', 53, 0, '2021-09-17 02:26:19', '2021-09-17 02:26:19'),
(518, '', 54, 0, '2021-09-17 02:26:19', '2021-09-17 02:26:19'),
(519, '', 55, 0, '2021-09-17 02:26:19', '2021-09-17 02:26:19'),
(520, '', 56, 1, '2021-09-17 02:26:19', '2021-09-17 02:26:19'),
(521, '', 57, 1, '2021-09-17 02:26:19', '2021-09-17 02:26:19'),
(522, '', 58, 0, '2021-09-17 02:26:19', '2021-09-17 02:26:19'),
(523, '', 59, 0, '2021-09-17 02:26:19', '2021-09-17 02:26:19'),
(524, '', 60, 0, '2021-09-17 02:26:19', '2021-09-17 02:26:19'),
(525, '', 61, 0, '2021-09-17 02:26:19', '2021-09-17 02:26:19'),
(526, '', 62, 0, '2021-09-17 02:26:20', '2021-09-17 02:26:20'),
(527, '', 63, 0, '2021-09-17 02:26:20', '2021-09-17 02:26:20'),
(528, '', 64, 0, '2021-09-17 02:26:20', '2021-09-17 02:26:20'),
(529, '', 65, 0, '2021-09-17 02:26:20', '2021-09-17 02:26:20'),
(530, '', 66, 0, '2021-09-17 02:26:20', '2021-09-17 02:26:20'),
(531, '', 67, 1, '2021-09-17 02:26:20', '2021-09-17 02:26:20'),
(532, '', 68, 1, '2021-09-17 02:26:20', '2021-09-17 02:26:20'),
(533, '', 69, 0, '2021-09-17 02:26:20', '2021-09-17 02:26:20'),
(534, '', 70, 0, '2021-09-17 02:26:20', '2021-09-17 02:26:20'),
(535, '', 71, 0, '2021-09-17 02:26:20', '2021-09-17 02:26:20'),
(536, '', 72, 0, '2021-09-17 02:26:20', '2021-09-17 02:26:20'),
(537, '', 73, 0, '2021-09-17 02:26:20', '2021-09-17 02:26:20'),
(538, '', 74, 0, '2021-09-17 02:26:20', '2021-09-17 02:26:20'),
(539, '', 75, 0, '2021-09-17 02:26:20', '2021-09-17 02:26:20'),
(540, '', 76, 0, '2021-09-17 02:26:20', '2021-09-17 02:26:20'),
(541, '', 77, 0, '2021-09-17 02:26:20', '2021-09-17 02:26:20'),
(542, '', 78, 1, '2021-09-17 02:26:20', '2021-09-17 02:26:20'),
(543, '', 79, 1, '2021-09-17 02:26:20', '2021-09-17 02:26:20'),
(544, '', 80, 0, '2021-09-17 02:26:20', '2021-09-17 02:26:20'),
(545, '', 81, 0, '2021-09-17 02:26:20', '2021-09-17 02:26:20'),
(546, '', 82, 0, '2021-09-17 02:26:20', '2021-09-17 02:26:20'),
(547, '', 83, 0, '2021-09-17 02:26:20', '2021-09-17 02:26:20'),
(548, '', 84, 0, '2021-09-17 02:26:20', '2021-09-17 02:26:20'),
(549, '', 85, 0, '2021-09-17 02:26:20', '2021-09-17 02:26:20'),
(550, '', 86, 0, '2021-09-17 02:26:20', '2021-09-17 02:26:20'),
(551, '', 87, 0, '2021-09-17 02:26:20', '2021-09-17 02:26:20'),
(552, '', 88, 0, '2021-09-17 02:26:20', '2021-09-17 02:26:20'),
(553, '', 89, 1, '2021-09-17 02:26:20', '2021-09-17 02:26:20'),
(554, '', 90, 1, '2021-09-17 02:26:20', '2021-09-17 02:26:20'),
(555, '', 91, 0, '2021-09-17 02:26:20', '2021-09-17 02:26:20'),
(556, '', 92, 0, '2021-09-17 02:26:20', '2021-09-17 02:26:20'),
(557, '', 93, 0, '2021-09-17 02:26:20', '2021-09-17 02:26:20'),
(558, '', 94, 0, '2021-09-17 02:26:20', '2021-09-17 02:26:20'),
(559, '', 95, 0, '2021-09-17 02:26:20', '2021-09-17 02:26:20'),
(560, '', 96, 0, '2021-09-17 02:26:20', '2021-09-17 02:26:20'),
(561, '', 97, 0, '2021-09-17 02:26:20', '2021-09-17 02:26:20'),
(562, '', 98, 0, '2021-09-17 02:26:20', '2021-09-17 02:26:20'),
(563, '', 99, 0, '2021-09-17 02:26:20', '2021-09-17 02:26:20'),
(564, '', 100, 1, '2021-09-17 02:26:20', '2021-09-17 02:26:20'),
(565, '', 101, 1, '2021-09-17 02:26:20', '2021-09-17 02:26:20'),
(566, '', 102, 0, '2021-09-17 02:26:20', '2021-09-17 02:26:20'),
(567, '', 103, 0, '2021-09-17 02:26:20', '2021-09-17 02:26:20'),
(568, '', 104, 0, '2021-09-17 02:26:20', '2021-09-17 02:26:20'),
(569, '', 105, 0, '2021-09-17 02:26:20', '2021-09-17 02:26:20'),
(570, '', 106, 0, '2021-09-17 02:26:20', '2021-09-17 02:26:20'),
(571, '', 107, 0, '2021-09-17 02:26:20', '2021-09-17 02:26:20'),
(572, '', 108, 0, '2021-09-17 02:26:20', '2021-09-17 02:26:20'),
(573, '', 109, 0, '2021-09-17 02:26:20', '2021-09-17 02:26:20'),
(574, '', 110, 0, '2021-09-17 02:26:20', '2021-09-17 02:26:20'),
(575, '', 111, 1, '2021-09-17 02:26:20', '2021-09-17 02:26:20'),
(576, '', 112, 1, '2021-09-17 02:26:20', '2021-09-17 02:26:20'),
(577, '', 113, 0, '2021-09-17 02:26:20', '2021-09-17 02:26:20'),
(578, '', 114, 0, '2021-09-17 02:26:20', '2021-09-17 02:26:20'),
(579, '', 115, 0, '2021-09-17 02:26:20', '2021-09-17 02:26:20'),
(580, '', 116, 0, '2021-09-17 02:26:20', '2021-09-17 02:26:20'),
(581, '', 117, 0, '2021-09-17 02:26:20', '2021-09-17 02:26:20'),
(582, '', 118, 0, '2021-09-17 02:26:20', '2021-09-17 02:26:20'),
(583, '', 119, 0, '2021-09-17 02:26:20', '2021-09-17 02:26:20'),
(584, '', 120, 0, '2021-09-17 02:26:20', '2021-09-17 02:26:20'),
(585, '', 121, 0, '2021-09-17 02:26:20', '2021-09-17 02:26:20'),
(586, '', 122, 1, '2021-09-17 02:26:20', '2021-09-17 02:26:20'),
(587, '', 123, 1, '2021-09-17 02:26:20', '2021-09-17 02:26:20'),
(588, '', 124, 0, '2021-09-17 02:26:20', '2021-09-17 02:26:20'),
(589, '', 125, 0, '2021-09-17 02:26:20', '2021-09-17 02:26:20'),
(590, '', 126, 0, '2021-09-17 02:26:20', '2021-09-17 02:26:20'),
(591, '', 127, 0, '2021-09-17 02:26:20', '2021-09-17 02:26:20'),
(592, '', 128, 0, '2021-09-17 02:26:20', '2021-09-17 02:26:20'),
(593, '', 129, 0, '2021-09-17 02:26:20', '2021-09-17 02:26:20'),
(594, '', 130, 0, '2021-09-17 02:26:20', '2021-09-17 02:26:20'),
(595, '', 131, 0, '2021-09-17 02:26:20', '2021-09-17 02:26:20'),
(596, '', 132, 0, '2021-09-17 02:26:20', '2021-09-17 02:26:20'),
(597, '', 133, 1, '2021-09-17 02:26:20', '2021-09-17 02:26:20'),
(598, '', 134, 1, '2021-09-17 02:26:20', '2021-09-17 02:26:20'),
(599, '', 135, 0, '2021-09-17 02:26:20', '2021-09-17 02:26:20'),
(600, '', 136, 0, '2021-09-17 02:26:20', '2021-09-17 02:26:20'),
(601, '', 137, 0, '2021-09-17 02:26:20', '2021-09-17 02:26:20'),
(602, '', 138, 0, '2021-09-17 02:26:20', '2021-09-17 02:26:20'),
(603, '', 139, 0, '2021-09-17 02:26:20', '2021-09-17 02:26:20'),
(604, '', 140, 0, '2021-09-17 02:26:20', '2021-09-17 02:26:20'),
(605, '', 141, 0, '2021-09-17 02:26:20', '2021-09-17 02:26:20'),
(606, '', 142, 0, '2021-09-17 02:26:20', '2021-09-17 02:26:20'),
(607, '', 143, 0, '2021-09-17 02:26:20', '2021-09-17 02:26:20'),
(608, '', 144, 1, '2021-09-17 02:26:20', '2021-09-17 02:26:20'),
(609, '', 145, 1, '2021-09-17 02:26:20', '2021-09-17 02:26:20'),
(610, '', 146, 0, '2021-09-17 02:26:20', '2021-09-17 02:26:20'),
(611, '', 147, 0, '2021-09-17 02:26:20', '2021-09-17 02:26:20'),
(612, '', 148, 0, '2021-09-17 02:26:20', '2021-09-17 02:26:20'),
(613, '', 149, 0, '2021-09-17 02:26:20', '2021-09-17 02:26:20'),
(614, '', 150, 0, '2021-09-17 02:26:20', '2021-09-17 02:26:20'),
(615, '', 151, 0, '2021-09-17 02:26:20', '2021-09-17 02:26:20'),
(616, '', 152, 0, '2021-09-17 02:26:20', '2021-09-17 02:26:20'),
(617, '', 153, 0, '2021-09-17 02:26:20', '2021-09-17 02:26:20'),
(618, '', 154, 0, '2021-09-17 02:26:20', '2021-09-17 02:26:20'),
(619, '', 155, 1, '2021-09-17 02:26:20', '2021-09-17 02:26:20'),
(620, '', 156, 1, '2021-09-17 02:26:20', '2021-09-17 02:26:20'),
(621, '', 157, 0, '2021-09-17 02:26:20', '2021-09-17 02:26:20'),
(622, '', 158, 0, '2021-09-17 02:26:20', '2021-09-17 02:26:20'),
(623, '', 159, 0, '2021-09-17 02:26:20', '2021-09-17 02:26:20'),
(624, '', 160, 0, '2021-09-17 02:26:20', '2021-09-17 02:26:20'),
(625, '', 161, 0, '2021-09-17 02:26:20', '2021-09-17 02:26:20'),
(626, '', 162, 0, '2021-09-17 02:26:20', '2021-09-17 02:26:20'),
(627, '', 163, 0, '2021-09-17 02:26:20', '2021-09-17 02:26:20'),
(628, '', 164, 0, '2021-09-17 02:26:20', '2021-09-17 02:26:20'),
(629, '', 166, 1, '2021-09-17 02:26:20', '2021-09-17 02:26:20'),
(630, '', 167, 1, '2021-09-17 02:26:20', '2021-09-17 02:26:20'),
(631, '', 168, 0, '2021-09-17 02:26:20', '2021-09-17 02:26:20'),
(632, '', 169, 0, '2021-09-17 02:26:20', '2021-09-17 02:26:20'),
(633, '', 170, 0, '2021-09-17 02:26:20', '2021-09-17 02:26:20'),
(634, '', 171, 0, '2021-09-17 02:26:20', '2021-09-17 02:26:20'),
(635, '', 172, 0, '2021-09-17 02:26:20', '2021-09-17 02:26:20'),
(636, '', 173, 0, '2021-09-17 02:26:20', '2021-09-17 02:26:20'),
(637, '', 174, 0, '2021-09-17 02:26:20', '2021-09-17 02:26:20'),
(638, '', 175, 0, '2021-09-17 02:26:20', '2021-09-17 02:26:20'),
(639, '', 176, 0, '2021-09-17 02:26:20', '2021-09-17 02:26:20'),
(640, '', 177, 1, '2021-09-17 02:26:20', '2021-09-17 02:26:20'),
(641, '', 178, 1, '2021-09-17 02:26:20', '2021-09-17 02:26:20'),
(642, '', 179, 0, '2021-09-17 02:26:20', '2021-09-17 02:26:20'),
(643, '', 180, 0, '2021-09-17 02:26:20', '2021-09-17 02:26:20'),
(644, '', 181, 0, '2021-09-17 02:26:20', '2021-09-17 02:26:20'),
(645, '', 182, 0, '2021-09-17 02:26:20', '2021-09-17 02:26:20'),
(646, '', 183, 0, '2021-09-17 02:26:20', '2021-09-17 02:26:20'),
(647, '', 184, 0, '2021-09-17 02:26:20', '2021-09-17 02:26:20'),
(648, '', 185, 0, '2021-09-17 02:26:20', '2021-09-17 02:26:20'),
(649, '', 186, 0, '2021-09-17 02:26:20', '2021-09-17 02:26:20'),
(650, '', 187, 1, '2021-09-17 02:26:20', '2021-09-17 02:26:20'),
(651, '', 188, 1, '2021-09-17 02:26:20', '2021-09-17 02:26:20'),
(652, '', 189, 0, '2021-09-17 02:26:20', '2021-09-17 02:26:20'),
(653, '', 190, 0, '2021-09-17 02:26:20', '2021-09-17 02:26:20'),
(654, '', 191, 0, '2021-09-17 02:26:20', '2021-09-17 02:26:20'),
(655, '', 192, 0, '2021-09-17 02:26:20', '2021-09-17 02:26:20'),
(656, '', 193, 0, '2021-09-17 02:26:20', '2021-09-17 02:26:20'),
(657, '', 194, 0, '2021-09-17 02:26:20', '2021-09-17 02:26:20'),
(658, '', 195, 0, '2021-09-17 02:26:20', '2021-09-17 02:26:20'),
(659, '', 196, 0, '2021-09-17 02:26:20', '2021-09-17 02:26:20'),
(660, '', 197, 0, '2021-09-17 02:26:20', '2021-09-17 02:26:20');

-- --------------------------------------------------------

--
-- Estructura de tabla para la tabla `docente`
--

CREATE TABLE `docente` (
  `id` int(11) NOT NULL,
  `nombre` varchar(100) COLLATE utf8_spanish_ci NOT NULL,
  `apellido` varchar(100) COLLATE utf8_spanish_ci NOT NULL,
  `codigo` int(4) NOT NULL,
  `fecha_alta` timestamp NOT NULL DEFAULT current_timestamp(),
  `fecha_edit` timestamp NOT NULL DEFAULT current_timestamp()
) ENGINE=InnoDB DEFAULT CHARSET=utf8 COLLATE=utf8_spanish_ci;

--
-- Volcado de datos para la tabla `docente`
--

INSERT INTO `docente` (`id`, `nombre`, `apellido`, `codigo`, `fecha_alta`, `fecha_edit`) VALUES
(1, 'Jose', 'Pintado', 1992, '2021-09-29 21:32:41', '2021-09-29 21:32:41'),
(2, 'Jorge', 'Malpica', 1993, '2021-10-10 11:55:21', '2021-10-10 11:55:21'),
(3, 'Yennyfer', 'Espinoza ', 1994, '2021-10-10 11:55:21', '2021-10-10 11:55:21');

-- --------------------------------------------------------

--
-- Estructura de tabla para la tabla `grados`
--

CREATE TABLE `grados` (
  `id` int(11) NOT NULL,
  `nombre` char(12) COLLATE utf8_spanish_ci NOT NULL,
  `nombre_corto` char(5) COLLATE utf8_spanish_ci NOT NULL
) ENGINE=InnoDB DEFAULT CHARSET=utf8 COLLATE=utf8_spanish_ci;

--
-- Volcado de datos para la tabla `grados`
--

INSERT INTO `grados` (`id`, `nombre`, `nombre_corto`) VALUES
(1, 'Superior', 'S'),
(2, 'Medio', 'M'),
(3, 'Básico', 'B');

-- --------------------------------------------------------

--
-- Estructura de tabla para la tabla `preguntas`
--

CREATE TABLE `preguntas` (
  `id` int(11) NOT NULL,
  `pregunta` varchar(250) COLLATE utf8_spanish_ci NOT NULL,
  `id_area` int(11) NOT NULL,
  `id_tipo` int(11) NOT NULL,
  `fecha_alta` timestamp NOT NULL DEFAULT current_timestamp(),
  `fecha_edit` timestamp NOT NULL DEFAULT current_timestamp()
) ENGINE=InnoDB DEFAULT CHARSET=utf8 COLLATE=utf8_spanish_ci;

--
-- Volcado de datos para la tabla `preguntas`
--

INSERT INTO `preguntas` (`id`, `pregunta`, `id_area`, `id_tipo`, `fecha_alta`, `fecha_edit`) VALUES
(1, 'Arreglar artefactos eléctricos. ', 1, 1, '2021-09-04 02:34:40', '2021-09-04 02:34:40'),
(2, 'Reparar autos. ', 1, 1, '2021-09-04 02:34:40', '2021-09-04 02:34:40'),
(3, 'Arreglar artefactos mecánicos. . ', 1, 1, '2021-09-04 02:34:40', '2021-09-04 02:34:40'),
(4, 'Construir con madera. ', 1, 1, '2021-09-04 02:34:40', '2021-09-04 02:34:40'),
(5, 'Manejar un camión o tractor. ', 1, 1, '2021-09-04 02:34:40', '2021-09-04 02:34:40'),
(6, 'Usar herramientas.', 1, 1, '2021-09-04 02:34:40', '2021-09-04 02:34:40'),
(7, 'Trabajar con motos.', 1, 1, '2021-09-04 02:34:40', '2021-09-04 02:34:40'),
(8, 'Llevar cursos de manualidades.', 1, 1, '2021-09-04 02:34:40', '2021-09-04 02:34:40'),
(9, 'Llevar cursos de dibujo mecánico.', 1, 1, '2021-09-04 02:34:40', '2021-09-04 02:34:40'),
(10, 'Llevar cursos de carpintería o ebanistería.', 1, 1, '2021-09-04 02:34:40', '2021-09-04 02:34:40'),
(11, 'Llevar cursos de mecánica automotriz.', 1, 1, '2021-09-04 02:34:40', '2021-09-04 02:34:40'),
(12, 'Leer libros o revistas científicas. ', 2, 1, '2021-09-04 15:42:15', '2021-09-04 15:42:15'),
(13, 'Leer Trabajar en un laboratorio. ', 2, 1, '2021-09-04 15:46:47', '2021-09-04 15:46:47'),
(14, 'Trabajar en un proyecto científico.', 2, 1, '2021-09-04 15:46:47', '2021-09-04 15:46:47'),
(15, 'Construir o armar modelos de cohetes.', 2, 1, '2021-09-04 15:46:47', '2021-09-04 15:46:47'),
(16, 'Experimentar con un equipo de química.', 2, 1, '2021-09-04 15:46:47', '2021-09-04 15:46:47'),
(17, 'Leer sobre temas que me interesen. ', 2, 1, '2021-09-04 15:46:47', '2021-09-04 15:46:47'),
(18, 'Resolver juegos matemáticos o de ajedrez.', 2, 1, '2021-09-04 15:46:47', '2021-09-04 15:46:47'),
(19, 'Llevar cursos de física.', 2, 1, '2021-09-04 15:46:47', '2021-09-04 15:46:47'),
(20, 'Llevar cursos de química.', 2, 1, '2021-09-04 15:46:47', '2021-09-04 15:46:47'),
(21, 'Llevar cursos de geometría. ', 2, 1, '2021-09-04 15:46:47', '2021-09-04 15:46:47'),
(22, 'Llevar cursos de biología.', 2, 1, '2021-09-04 15:46:47', '2021-09-04 15:46:47'),
(23, 'Diseñar, dibujar o pintar.', 3, 1, '2021-09-04 21:51:06', '2021-09-04 21:51:06'),
(24, 'Asistir a representaciones teatrales.', 3, 1, '2021-09-04 21:55:29', '2021-09-04 21:55:29'),
(25, 'Diseñar muebles o edificios.', 3, 1, '2021-09-04 21:55:29', '2021-09-04 21:55:29'),
(26, 'Tocar en una banda grupo u orquesta.', 3, 1, '2021-09-04 21:55:29', '2021-09-04 21:55:29'),
(27, 'Tocar un instrumento musical.', 3, 1, '2021-09-04 21:55:29', '2021-09-04 21:55:29'),
(28, 'Asistir a recitales, conciertos o musicales.', 3, 1, '2021-09-04 21:55:29', '2021-09-04 21:55:29'),
(29, 'Leer libros de ciencia ficción.', 3, 1, '2021-09-04 21:55:29', '2021-09-04 21:55:29'),
(30, 'Hacer o diseñar retratos o fotografía.', 3, 1, '2021-09-04 21:55:29', '2021-09-04 21:55:29'),
(31, 'Leer obras teatrales. ', 3, 1, '2021-09-04 21:55:29', '2021-09-04 21:55:29'),
(32, 'Leer o escribir poesía. ', 3, 1, '2021-09-04 21:55:29', '2021-09-04 21:55:29'),
(33, 'Llevar cursos de arte. ', 3, 1, '2021-09-04 21:55:29', '2021-09-04 21:55:29'),
(34, 'Escribir cartas o correos a los amigos.', 4, 1, '2021-09-13 23:47:41', '2021-09-13 23:47:41'),
(35, ' Influir en las demás personas.', 5, 1, '2021-09-13 23:58:33', '2021-09-13 23:58:33'),
(36, ' Asistir a ceremonias religiosas.', 4, 1, '2021-09-13 23:59:43', '2021-09-13 23:59:43'),
(37, ' Ser parte de clubs sociales o culturales.', 4, 1, '2021-09-13 23:59:43', '2021-09-13 23:59:43'),
(38, ' Ayudar a otros en sus problemas personales.', 4, 1, '2021-09-13 23:59:43', '2021-09-13 23:59:43'),
(39, ' Cuidar niños. ', 4, 1, '2021-09-14 22:22:28', '2021-09-14 22:22:28'),
(40, ' Ir a fiestas o reuniones divertidas. ', 4, 1, '2021-09-14 22:22:28', '2021-09-14 22:22:28'),
(41, ' Bailar. ', 4, 1, '2021-09-14 22:22:28', '2021-09-14 22:22:28'),
(42, ' Leer libros de psicología. ', 4, 1, '2021-09-14 22:22:28', '2021-09-14 22:22:28'),
(43, ' Asistir a reuniones y conferencias. ', 4, 1, '2021-09-14 22:22:28', '2021-09-14 22:22:28'),
(44, ' Ir a eventos deportivos.', 4, 1, '2021-09-14 22:22:28', '2021-09-14 22:22:28'),
(45, ' Hacer nuevas amistades.', 4, 1, '2021-09-14 22:22:28', '2021-09-14 22:22:28'),
(46, ' Ser vendedor de algo.', 5, 1, '2021-09-14 22:23:54', '2021-09-14 22:23:54'),
(47, ' Discutir sobre política.', 5, 1, '2021-09-14 22:23:54', '2021-09-14 22:23:54'),
(48, ' Manejar mi propio negocio.', 5, 1, '2021-09-14 22:23:54', '2021-09-14 22:23:54'),
(49, ' Asistir a conferencias.', 5, 1, '2021-09-14 22:23:54', '2021-09-14 22:23:54'),
(50, ' Realizar charlas.', 5, 1, '2021-09-14 22:23:54', '2021-09-14 22:23:54'),
(51, ' Pertenecer a la directiva de cualquier grupo.', 5, 1, '2021-09-14 22:23:54', '2021-09-14 22:23:54'),
(52, ' Supervisar el trabajo de otros.', 5, 1, '2021-09-14 22:23:54', '2021-09-14 22:23:54'),
(53, ' Conocer personas importantes.', 5, 1, '2021-09-14 22:23:54', '2021-09-14 22:23:54'),
(54, ' Guiar un grupo para lograr algún fin.', 5, 1, '2021-09-14 22:23:54', '2021-09-14 22:23:54'),
(55, ' Participar en alguna campaña política.', 5, 1, '2021-09-14 22:23:54', '2021-09-14 22:23:54'),
(56, ' Mantener el escritorio y domicilio limpio y ordenado.', 6, 1, '2021-09-14 22:24:40', '2021-09-14 22:24:40'),
(57, ' Digitar trabajos o cartas para uno mismo o los demás.', 6, 1, '2021-09-14 22:24:40', '2021-09-14 22:24:40'),
(58, ' Trabajar con sumas, -  X o, divisiones de números en un negocio.', 6, 1, '2021-09-14 22:24:40', '2021-09-14 22:24:40'),
(59, ' Operar máquina de imprenta de cualquier tipo.', 6, 1, '2021-09-14 22:24:40', '2021-09-14 22:24:40'),
(60, ' Tener archivos en detalles de todos los gastos.', 6, 1, '2021-09-14 22:24:40', '2021-09-14 22:24:40'),
(61, ' Llevar cursos de computación.', 6, 1, '2021-09-14 22:24:40', '2021-09-14 22:24:40'),
(62, ' Llevar cursos de contabilidad.', 6, 1, '2021-09-14 22:24:40', '2021-09-14 22:24:40'),
(63, ' Llevar cursos de administración de empresas.', 6, 1, '2021-09-14 22:24:40', '2021-09-14 22:24:40'),
(64, ' Llevar cursos de matemáticas comercial.', 6, 1, '2021-09-14 22:24:40', '2021-09-14 22:24:40'),
(65, ' Archivar cartas, reportes, carpetas, etc.', 6, 1, '2021-09-14 22:24:40', '2021-09-14 22:24:40'),
(66, ' Escribir cartas comerciales para empresas.', 6, 1, '2021-09-14 22:24:40', '2021-09-14 22:24:40'),
(67, ' He usado máquinas de carpintería.', 1, 2, '2021-09-14 22:25:55', '2021-09-14 22:25:55'),
(68, ' Sé cómo usar voltímetro.', 1, 2, '2021-09-14 22:25:55', '2021-09-14 22:25:55'),
(69, ' Puedo ajustar un carburador.', 1, 2, '2021-09-14 22:25:55', '2021-09-14 22:25:55'),
(70, ' He operado máquinas como taladro o una modeladora.', 1, 2, '2021-09-14 22:25:55', '2021-09-14 22:25:55'),
(71, ' Puedo realizar laqueados o encharolados a muebles.', 1, 2, '2021-09-14 22:25:55', '2021-09-14 22:25:55'),
(72, ' Puedo leer planos diversos.', 1, 2, '2021-09-14 22:25:55', '2021-09-14 22:25:55'),
(73, ' Puedo hacer reparaciones eléctricas simples.', 1, 2, '2021-09-14 22:25:55', '2021-09-14 22:25:55'),
(74, ' Puedo reparar muebles.', 1, 2, '2021-09-14 22:25:55', '2021-09-14 22:25:55'),
(75, ' Puedo hacer dibujo o diseños mecánicos.', 1, 2, '2021-09-14 22:25:55', '2021-09-14 22:25:55'),
(76, ' Puedo hacer reparaciones simples de Tv.', 1, 2, '2021-09-14 22:25:55', '2021-09-14 22:25:55'),
(77, ' Puedo hacer reparaciones simples de gasfitería y plomería.', 1, 2, '2021-09-14 22:25:55', '2021-09-14 22:25:55'),
(78, ' Comprendo cómo trabajar un tubo al vacío.', 2, 2, '2021-09-14 22:26:49', '2021-09-14 22:26:49'),
(79, ' Puedo nombrar tres alimentos de contenido proteico.', 2, 2, '2021-09-14 22:26:49', '2021-09-14 22:26:49'),
(80, ' Comprendo “la media vida” de un elemento radioactivo.', 2, 2, '2021-09-14 22:26:49', '2021-09-14 22:26:49'),
(81, ' Puedo usar tablas de logaritmos.', 2, 2, '2021-09-14 22:26:49', '2021-09-14 22:26:49'),
(82, ' Puedo usar una regla de cálculo para multiplicar o dividir.', 2, 2, '2021-09-14 22:26:49', '2021-09-14 22:26:49'),
(83, ' Puedo usar un microscopio.', 2, 2, '2021-09-14 22:26:49', '2021-09-14 22:26:49'),
(84, ' Puedo usar tres constelaciones de estrellas.', 2, 2, '2021-09-14 22:26:49', '2021-09-14 22:26:49'),
(85, ' Puedo describir la función de los glóbulos blancos de la sangre.', 2, 2, '2021-09-14 22:26:49', '2021-09-14 22:26:49'),
(86, ' Puedo interpretar simples fórmulas químicas.', 2, 2, '2021-09-14 22:26:49', '2021-09-14 22:26:49'),
(87, ' Comprendo porque los satélites hechos por el hombre, no caen en la tierra.', 2, 2, '2021-09-14 22:26:49', '2021-09-14 22:26:49'),
(88, ' He participado en exhibiciones y concurso científicos.', 2, 2, '2021-09-14 22:26:49', '2021-09-14 22:26:49'),
(89, ' Puedo tocar un instrumento musical.', 3, 2, '2021-09-14 22:27:11', '2021-09-14 22:27:11'),
(90, ' Puedo participar en un coro de dos o cuatro voces.', 3, 2, '2021-09-14 22:27:11', '2021-09-14 22:27:11'),
(91, ' Puedo desempeñarme como solista instrumental.', 3, 2, '2021-09-14 22:27:11', '2021-09-14 22:27:11'),
(92, ' Puedo actuar en una obra teatral.', 3, 2, '2021-09-14 22:27:11', '2021-09-14 22:27:11'),
(93, ' Puedo hacer lecturas interpretativas.', 3, 2, '2021-09-14 22:27:11', '2021-09-14 22:27:11'),
(94, ' Puedo hacer baile moderno o ballet.', 3, 2, '2021-09-14 22:27:11', '2021-09-14 22:27:11'),
(95, ' Puedo imitar diferentes personajes que luego pueden ser reconocidos.', 3, 2, '2021-09-14 22:27:11', '2021-09-14 22:27:11'),
(96, ' Puedo realizar una escultura o pintura.', 3, 2, '2021-09-14 22:27:11', '2021-09-14 22:27:11'),
(97, ' Puedo hacer trabajos en arcilla o cerámica.', 3, 2, '2021-09-14 22:27:11', '2021-09-14 22:27:11'),
(98, ' Puedo diseñar afiches, ropa o muebles.', 3, 2, '2021-09-14 22:27:11', '2021-09-14 22:27:11'),
(99, ' Escribo buenas historias o poesías.', 3, 2, '2021-09-14 22:27:11', '2021-09-14 22:27:11'),
(100, ' Soy bueno explicando las cosas a otros.', 4, 2, '2021-09-14 22:27:30', '2021-09-14 22:27:30'),
(101, ' He participado en obras y colectas de caridad.', 4, 2, '2021-09-14 22:27:30', '2021-09-14 22:27:30'),
(102, ' He cooperado y trabajo bien con otros.', 4, 2, '2021-09-14 22:27:30', '2021-09-14 22:27:30'),
(103, ' Soy capaz de entretener a personas mayores que yo.', 4, 2, '2021-09-14 22:27:30', '2021-09-14 22:27:30'),
(104, ' Puedo ser un buen anfitrión.', 4, 2, '2021-09-14 22:27:30', '2021-09-14 22:27:30'),
(105, ' Puedo enseñar fácilmente a niños.', 4, 2, '2021-09-14 22:27:31', '2021-09-14 22:27:31'),
(106, ' Puedo planear los juegos y recreaciones de una fiesta.', 4, 2, '2021-09-14 22:27:31', '2021-09-14 22:27:31'),
(107, ' Soy bueno ayudando a gente que está en problemas.', 4, 2, '2021-09-14 22:27:31', '2021-09-14 22:27:31'),
(108, ' He trabajado como voluntario en un hospital, clínica o asilo.', 4, 2, '2021-09-14 22:27:31', '2021-09-14 22:27:31'),
(109, ' Puedo planear una actividad social para un colegio o iglesia.', 4, 2, '2021-09-14 22:27:31', '2021-09-14 22:27:31'),
(110, ' Puedo hacer un buen análisis de la personalidad.', 4, 2, '2021-09-14 22:27:31', '2021-09-14 22:27:31'),
(111, ' He sido elegido como representante o autoridad en el colegio.', 5, 2, '2021-09-14 22:27:55', '2021-09-14 22:27:55'),
(112, ' Puedo supervisar el trabajo de otros.', 5, 2, '2021-09-14 22:27:55', '2021-09-14 22:27:55'),
(113, ' Tengo una energía y un entusiasmo excepcional.', 5, 2, '2021-09-14 22:27:55', '2021-09-14 22:27:55'),
(114, ' Soy bueno haciendo que las personas hagan las cosas a mi manera.', 5, 2, '2021-09-14 22:27:55', '2021-09-14 22:27:55'),
(115, ' Soy un buen vendedor.', 5, 2, '2021-09-14 22:27:55', '2021-09-14 22:27:55'),
(116, ' Ser representante de un grupo cuando se ha tenido que presentar alguna queja.', 5, 2, '2021-09-14 22:27:55', '2021-09-14 22:27:55'),
(117, ' He ganado premios como vendedor o líder. ', 5, 2, '2021-09-14 22:27:55', '2021-09-14 22:27:55'),
(118, ' He organizado clubes, grupos o pandillas.', 5, 2, '2021-09-14 22:27:55', '2021-09-14 22:27:55'),
(119, ' He emprendido mi propio negocio.', 5, 2, '2021-09-14 22:27:55', '2021-09-14 22:27:55'),
(120, ' Sé cómo lograr ser, un líder de éxito.', 5, 2, '2021-09-14 22:27:55', '2021-09-14 22:27:55'),
(121, ' Soy un buen participante de debates.', 5, 2, '2021-09-14 22:27:55', '2021-09-14 22:27:55'),
(122, ' Puedo digitar en la computadora 40 palabras por minuto.', 6, 2, '2021-09-14 22:28:32', '2021-09-14 22:28:32'),
(123, ' Puedo operar una fotocopiadora.', 6, 2, '2021-09-14 22:28:32', '2021-09-14 22:28:32'),
(124, ' Puedo tomar dictados rápidos o en taquigrafía.', 6, 2, '2021-09-14 22:28:32', '2021-09-14 22:28:32'),
(125, ' Puedo archivar correspondencia y otros documentos.', 6, 2, '2021-09-14 22:28:32', '2021-09-14 22:28:32'),
(126, ' Puedo realizar trabajo de oficina.', 6, 2, '2021-09-14 22:28:32', '2021-09-14 22:28:32'),
(127, ' Puedo usar una máquina contable.', 6, 2, '2021-09-14 22:28:32', '2021-09-14 22:28:32'),
(128, ' Puedo hacer mucho trabajo de oficina en corto tiempo.', 6, 2, '2021-09-14 22:28:32', '2021-09-14 22:28:32'),
(129, ' Puedo usar una máquina calculadora.', 6, 2, '2021-09-14 22:28:32', '2021-09-14 22:28:32'),
(130, ' Puedo usar máquina simple de computación.', 6, 2, '2021-09-14 22:28:32', '2021-09-14 22:28:32'),
(131, ' Puedo llevar cuentas de créditos y deudas.', 6, 2, '2021-09-14 22:28:32', '2021-09-14 22:28:32'),
(132, ' Puedo tener un registro, acertado de ventas y pagos.', 6, 2, '2021-09-14 22:28:32', '2021-09-14 22:28:32'),
(133, ' Mecánico de aviones.', 1, 3, '2021-09-14 22:29:09', '2021-09-14 22:29:09'),
(134, ' Trabajar con máquinas eléctricas.', 1, 3, '2021-09-14 22:29:09', '2021-09-14 22:29:09'),
(135, ' Mecánico de autos.', 1, 3, '2021-09-14 22:29:09', '2021-09-14 22:29:09'),
(136, ' Carpintero.', 1, 3, '2021-09-14 22:29:09', '2021-09-14 22:29:09'),
(137, ' Operador de máquina excavadora.', 1, 3, '2021-09-14 22:29:09', '2021-09-14 22:29:09'),
(138, ' Topógrafo agrimensor (medidor de la tierra).', 1, 3, '2021-09-14 22:29:09', '2021-09-14 22:29:09'),
(139, ' Inspector de construcciones.', 1, 3, '2021-09-14 22:29:09', '2021-09-14 22:29:09'),
(140, ' Trabajar de radio operador en industrias.', 1, 3, '2021-09-14 22:29:10', '2021-09-14 22:29:10'),
(141, ' Trabajar en un grifo de gasolina.', 1, 3, '2021-09-14 22:29:10', '2021-09-14 22:29:10'),
(142, ' Electricista.', 1, 3, '2021-09-14 22:29:10', '2021-09-14 22:29:10'),
(143, ' Operador de máquinas en general.', 1, 3, '2021-09-14 22:29:10', '2021-09-14 22:29:10'),
(144, ' Meteorólogo.', 2, 3, '2021-09-14 22:30:03', '2021-09-14 22:30:03'),
(145, ' Biólogo.', 2, 3, '2021-09-14 22:30:03', '2021-09-14 22:30:03'),
(146, ' Astrónomo.', 2, 3, '2021-09-14 22:30:03', '2021-09-14 22:30:03'),
(147, ' Tecnólogo médico – laboratorista.', 2, 3, '2021-09-14 22:30:03', '2021-09-14 22:30:03'),
(148, ' Antropólogo.', 2, 3, '2021-09-14 22:30:03', '2021-09-14 22:30:03'),
(149, ' Zoólogo.', 2, 3, '2021-09-14 22:30:03', '2021-09-14 22:30:03'),
(150, ' Químico.', 2, 3, '2021-09-14 22:30:03', '2021-09-14 22:30:03'),
(151, ' Botánico.', 2, 3, '2021-09-14 22:30:03', '2021-09-14 22:30:03'),
(152, ' Escritor de artículos científicos.', 2, 3, '2021-09-14 22:30:03', '2021-09-14 22:30:03'),
(153, ' Trabajador en centros de investigación.', 2, 3, '2021-09-14 22:30:03', '2021-09-14 22:30:03'),
(154, ' Geólogo.', 2, 3, '2021-09-14 22:30:03', '2021-09-14 22:30:03'),
(155, ' Poeta.', 3, 3, '2021-09-14 22:30:21', '2021-09-14 22:30:21'),
(156, ' Director de una orquesta sinfónica.', 3, 3, '2021-09-14 22:30:21', '2021-09-14 22:30:21'),
(157, ' Músico.', 3, 3, '2021-09-14 22:30:21', '2021-09-14 22:30:21'),
(158, ' Escritor - Autor.', 3, 3, '2021-09-14 22:30:21', '2021-09-14 22:30:21'),
(159, ' Escribir historias para revista, periódicos o web.', 3, 3, '2021-09-14 22:30:21', '2021-09-14 22:30:21'),
(160, ' Arreglista musical.', 3, 3, '2021-09-14 22:30:21', '2021-09-14 22:30:21'),
(161, ' Periodista.', 3, 3, '2021-09-14 22:30:21', '2021-09-14 22:30:21'),
(162, ' Pintor artístico.', 3, 3, '2021-09-14 22:30:21', '2021-09-14 22:30:21'),
(163, ' Escritor de guiones.', 3, 3, '2021-09-14 22:30:21', '2021-09-14 22:30:21'),
(164, ' Diseñador de Arte o de páginas web.  ', 3, 3, '2021-09-14 22:30:21', '2021-09-14 22:30:21'),
(166, ' Sociólogo. ', 4, 3, '2021-09-14 22:30:40', '2021-09-14 22:30:40'),
(167, ' Profesor.', 4, 3, '2021-09-14 22:30:40', '2021-09-14 22:30:40'),
(168, ' Terapista de lenguaje.', 4, 3, '2021-09-14 22:30:40', '2021-09-14 22:30:40'),
(169, ' Consejero matrimonial.', 4, 3, '2021-09-14 22:30:40', '2021-09-14 22:30:40'),
(170, ' Director de juegos deportivos para jóvenes.', 4, 3, '2021-09-14 22:30:40', '2021-09-14 22:30:40'),
(171, ' Psicólogo clínico.', 4, 3, '2021-09-14 22:30:40', '2021-09-14 22:30:40'),
(172, ' Profesor de ciencias sociales.', 4, 3, '2021-09-14 22:30:40', '2021-09-14 22:30:40'),
(173, ' Consejero personal.', 4, 3, '2021-09-14 22:30:40', '2021-09-14 22:30:40'),
(174, ' Director de una oficina de Servicio Social.', 4, 3, '2021-09-14 22:30:40', '2021-09-14 22:30:40'),
(175, ' Director de una Cuna - Jardín.', 4, 3, '2021-09-14 22:30:40', '2021-09-14 22:30:40'),
(176, ' Miembro de Defensa Civil.', 4, 3, '2021-09-14 22:30:40', '2021-09-14 22:30:40'),
(177, ' Empresario.', 5, 3, '2021-09-14 22:31:07', '2021-09-14 22:31:07'),
(178, ' Comerciante.', 5, 3, '2021-09-14 22:31:07', '2021-09-14 22:31:07'),
(179, ' Asesor ejecutivo.', 5, 3, '2021-09-14 22:31:07', '2021-09-14 22:31:07'),
(180, ' Gerente de hoteles restaurantes.', 5, 3, '2021-09-14 22:31:07', '2021-09-14 22:31:07'),
(181, ' Ejecutivo de empresas.', 5, 3, '2021-09-14 22:31:07', '2021-09-14 22:31:07'),
(182, ' Maestro de ceremonias.', 5, 3, '2021-09-14 22:31:07', '2021-09-14 22:31:07'),
(183, ' Agente de viajes.', 5, 3, '2021-09-14 22:31:07', '2021-09-14 22:31:07'),
(184, ' Director publicitario.', 5, 3, '2021-09-14 22:31:07', '2021-09-14 22:31:07'),
(185, ' Gerente de ventas.', 5, 3, '2021-09-14 22:31:07', '2021-09-14 22:31:07'),
(186, ' Promotor deportivo.', 5, 3, '2021-09-14 22:31:07', '2021-09-14 22:31:07'),
(187, ' Auxiliar de contabilidad.', 6, 3, '2021-09-14 22:40:18', '2021-09-14 22:40:18'),
(188, ' Consejero de inversiones.', 6, 3, '2021-09-14 22:40:18', '2021-09-14 22:40:18'),
(189, ' Contador público.', 6, 3, '2021-09-14 22:40:18', '2021-09-14 22:40:18'),
(190, ' Investigador de créditos.', 6, 3, '2021-09-14 22:40:18', '2021-09-14 22:40:18'),
(191, ' Secretaria.', 6, 3, '2021-09-14 22:40:18', '2021-09-14 22:40:18'),
(192, ' Empleado bancario.', 6, 3, '2021-09-14 22:40:18', '2021-09-14 22:40:18'),
(193, ' Realizador de Inventarios.', 6, 3, '2021-09-14 22:40:18', '2021-09-14 22:40:18'),
(194, ' Digitador de computadoras.', 6, 3, '2021-09-14 22:40:18', '2021-09-14 22:40:18'),
(195, ' Analista financiero.', 6, 3, '2021-09-14 22:40:18', '2021-09-14 22:40:18'),
(196, ' Empleado de oficina.', 6, 3, '2021-09-14 22:40:18', '2021-09-14 22:40:18'),
(197, ' Analista de sistemas.', 6, 3, '2021-09-14 22:40:18', '2021-09-14 22:40:18');

-- --------------------------------------------------------

--
-- Estructura de tabla para la tabla `temporal_pregunta`
--

CREATE TABLE `temporal_pregunta` (
  `id` int(11) NOT NULL,
  `folio` char(20) COLLATE utf8_spanish_ci NOT NULL,
  `id_pregunta` int(11) NOT NULL,
  `respuesta` tinyint(1) NOT NULL,
  `fecha_alta` timestamp NOT NULL DEFAULT current_timestamp(),
  `fecha_edit` timestamp NOT NULL DEFAULT current_timestamp()
) ENGINE=InnoDB DEFAULT CHARSET=utf8 COLLATE=utf8_spanish_ci;

--
-- Volcado de datos para la tabla `temporal_pregunta`
--

INSERT INTO `temporal_pregunta` (`id`, `folio`, `id_pregunta`, `respuesta`, `fecha_alta`, `fecha_edit`) VALUES
(1, '6141a6e10c69c', 1, 1, '2021-09-15 07:55:15', '2021-09-15 07:55:15'),
(2, '6141a6e10c69c', 2, 1, '2021-09-15 07:55:16', '2021-09-15 07:55:16'),
(3, '6141a6e10c69c', 12, 1, '2021-09-15 07:55:17', '2021-09-15 07:55:17'),
(4, '6141a6e10c69c', 13, 1, '2021-09-15 07:55:17', '2021-09-15 07:55:17'),
(5, '6141a6e10c69c', 23, 1, '2021-09-15 07:55:19', '2021-09-15 07:55:19'),
(6, '6141a6e10c69c', 24, 1, '2021-09-15 07:55:20', '2021-09-15 07:55:20'),
(7, '6141a6e10c69c', 34, 1, '2021-09-15 07:55:21', '2021-09-15 07:55:21'),
(8, '6141a6e10c69c', 36, 1, '2021-09-15 07:55:22', '2021-09-15 07:55:22'),
(9, '6141a6e10c69c', 35, 1, '2021-09-15 07:55:23', '2021-09-15 07:55:23'),
(10, '6141a6e10c69c', 46, 1, '2021-09-15 07:55:23', '2021-09-15 07:55:23'),
(11, '6141a6e10c69c', 56, 1, '2021-09-15 07:55:25', '2021-09-15 07:55:25'),
(12, '6141a6e10c69c', 57, 1, '2021-09-15 07:55:26', '2021-09-15 07:55:26'),
(13, '6141a6e10c69c', 67, 1, '2021-09-15 07:55:28', '2021-09-15 07:55:28'),
(14, '6141a6e10c69c', 68, 1, '2021-09-15 07:55:28', '2021-09-15 07:55:28'),
(15, '6141a6e10c69c', 78, 1, '2021-09-15 07:55:31', '2021-09-15 07:55:31'),
(16, '6141a6e10c69c', 79, 1, '2021-09-15 07:55:31', '2021-09-15 07:55:31'),
(17, '6141a6e10c69c', 89, 1, '2021-09-15 07:55:34', '2021-09-15 07:55:34'),
(18, '6141a6e10c69c', 90, 1, '2021-09-15 07:55:35', '2021-09-15 07:55:35'),
(19, '6141a6e10c69c', 100, 1, '2021-09-15 07:55:36', '2021-09-15 07:55:36'),
(20, '6141a6e10c69c', 101, 1, '2021-09-15 07:55:37', '2021-09-15 07:55:37'),
(21, '6141a6e10c69c', 111, 1, '2021-09-15 07:55:39', '2021-09-15 07:55:39'),
(22, '6141a6e10c69c', 112, 1, '2021-09-15 07:55:39', '2021-09-15 07:55:39'),
(23, '6141a6e10c69c', 122, 1, '2021-09-15 07:55:41', '2021-09-15 07:55:41'),
(24, '6141a6e10c69c', 123, 1, '2021-09-15 07:55:42', '2021-09-15 07:55:42'),
(25, '6141a6e10c69c', 133, 1, '2021-09-15 07:55:44', '2021-09-15 07:55:44'),
(26, '6141a6e10c69c', 134, 1, '2021-09-15 07:55:44', '2021-09-15 07:55:44'),
(27, '6141a703f3eb5', 2, 1, '2021-09-15 07:56:21', '2021-09-15 07:56:21'),
(28, '6141a703f3eb5', 1, 1, '2021-09-15 07:56:22', '2021-09-15 07:56:22'),
(29, '6141a729389bc', 1, 1, '2021-09-15 08:01:08', '2021-09-15 08:01:08'),
(30, '6141a729389bc', 2, 1, '2021-09-15 08:01:08', '2021-09-15 08:01:08'),
(31, '6141add714f51', 1, 1, '2021-09-15 08:24:58', '2021-09-15 08:24:58'),
(32, '6141add714f51', 2, 1, '2021-09-15 08:24:59', '2021-09-15 08:24:59'),
(33, '6141add714f51', 3, 1, '2021-09-15 08:24:59', '2021-09-15 08:24:59'),
(34, '6141add714f51', 4, 1, '2021-09-15 08:25:00', '2021-09-15 08:25:00'),
(35, '6141add714f51', 12, 1, '2021-09-15 08:25:03', '2021-09-15 08:25:03'),
(36, '6141add714f51', 13, 1, '2021-09-15 08:25:03', '2021-09-15 08:25:03'),
(37, '6141add714f51', 14, 1, '2021-09-15 08:25:04', '2021-09-15 08:25:04'),
(38, '6141add714f51', 15, 1, '2021-09-15 08:25:04', '2021-09-15 08:25:04'),
(39, '6141add714f51', 23, 1, '2021-09-15 08:25:06', '2021-09-15 08:25:06'),
(40, '6141add714f51', 24, 1, '2021-09-15 08:25:06', '2021-09-15 08:25:06'),
(41, '6141add714f51', 25, 1, '2021-09-15 08:25:07', '2021-09-15 08:25:07'),
(42, '6141add714f51', 26, 1, '2021-09-15 08:25:07', '2021-09-15 08:25:07'),
(43, '6141add714f51', 34, 1, '2021-09-15 08:25:09', '2021-09-15 08:25:09'),
(44, '6141add714f51', 36, 1, '2021-09-15 08:25:10', '2021-09-15 08:25:10'),
(45, '6141add714f51', 37, 1, '2021-09-15 08:25:10', '2021-09-15 08:25:10'),
(46, '6141add714f51', 38, 1, '2021-09-15 08:25:11', '2021-09-15 08:25:11'),
(47, '6141add714f51', 35, 1, '2021-09-15 08:25:13', '2021-09-15 08:25:13'),
(48, '6141add714f51', 46, 1, '2021-09-15 08:25:14', '2021-09-15 08:25:14'),
(49, '6141add714f51', 47, 1, '2021-09-15 08:25:14', '2021-09-15 08:25:14'),
(50, '6141add714f51', 48, 1, '2021-09-15 08:25:15', '2021-09-15 08:25:15'),
(51, '6141add714f51', 56, 1, '2021-09-15 08:25:17', '2021-09-15 08:25:17'),
(52, '6141add714f51', 57, 1, '2021-09-15 08:25:17', '2021-09-15 08:25:17'),
(53, '6141add714f51', 58, 1, '2021-09-15 08:25:18', '2021-09-15 08:25:18'),
(54, '6141add714f51', 59, 1, '2021-09-15 08:25:18', '2021-09-15 08:25:18'),
(55, '6141add714f51', 67, 1, '2021-09-15 08:25:20', '2021-09-15 08:25:20'),
(56, '6141add714f51', 68, 1, '2021-09-15 08:25:20', '2021-09-15 08:25:20'),
(57, '6141add714f51', 69, 1, '2021-09-15 08:25:21', '2021-09-15 08:25:21'),
(58, '6141add714f51', 70, 1, '2021-09-15 08:25:21', '2021-09-15 08:25:21'),
(59, '6141add714f51', 78, 1, '2021-09-15 08:25:23', '2021-09-15 08:25:23'),
(60, '6141add714f51', 79, 1, '2021-09-15 08:25:24', '2021-09-15 08:25:24'),
(61, '6141add714f51', 80, 1, '2021-09-15 08:25:24', '2021-09-15 08:25:24'),
(62, '6141add714f51', 81, 1, '2021-09-15 08:25:25', '2021-09-15 08:25:25'),
(63, '6141add714f51', 89, 1, '2021-09-15 08:25:26', '2021-09-15 08:25:26'),
(64, '6141add714f51', 90, 1, '2021-09-15 08:25:27', '2021-09-15 08:25:27'),
(65, '6141add714f51', 91, 1, '2021-09-15 08:25:27', '2021-09-15 08:25:27'),
(66, '6141add714f51', 92, 1, '2021-09-15 08:25:27', '2021-09-15 08:25:27'),
(67, '6141add714f51', 100, 1, '2021-09-15 08:25:29', '2021-09-15 08:25:29'),
(68, '6141add714f51', 101, 1, '2021-09-15 08:25:30', '2021-09-15 08:25:30'),
(69, '6141add714f51', 102, 1, '2021-09-15 08:25:30', '2021-09-15 08:25:30'),
(70, '6141add714f51', 103, 1, '2021-09-15 08:25:32', '2021-09-15 08:25:32'),
(71, '6141add714f51', 111, 1, '2021-09-15 08:25:33', '2021-09-15 08:25:33'),
(72, '6141add714f51', 112, 1, '2021-09-15 08:25:33', '2021-09-15 08:25:33'),
(73, '6141add714f51', 113, 1, '2021-09-15 08:25:35', '2021-09-15 08:25:35'),
(74, '6141add714f51', 114, 1, '2021-09-15 08:25:35', '2021-09-15 08:25:35'),
(75, '6141add714f51', 122, 1, '2021-09-15 08:25:37', '2021-09-15 08:25:37'),
(76, '6141add714f51', 123, 1, '2021-09-15 08:25:37', '2021-09-15 08:25:37'),
(77, '6141add714f51', 124, 1, '2021-09-15 08:25:38', '2021-09-15 08:25:38'),
(78, '6141add714f51', 125, 1, '2021-09-15 08:25:39', '2021-09-15 08:25:39'),
(79, '6141add714f51', 133, 1, '2021-09-15 08:25:42', '2021-09-15 08:25:42'),
(80, '6141add714f51', 134, 1, '2021-09-15 08:25:42', '2021-09-15 08:25:42'),
(81, '6141add714f51', 135, 1, '2021-09-15 08:25:43', '2021-09-15 08:25:43'),
(82, '6141add714f51', 136, 1, '2021-09-15 08:25:43', '2021-09-15 08:25:43'),
(83, '6141add714f51', 144, 1, '2021-09-15 08:25:45', '2021-09-15 08:25:45'),
(84, '6141add714f51', 145, 1, '2021-09-15 08:25:46', '2021-09-15 08:25:46'),
(85, '6141add714f51', 146, 1, '2021-09-15 08:25:47', '2021-09-15 08:25:47'),
(86, '6141add714f51', 147, 1, '2021-09-15 08:25:48', '2021-09-15 08:25:48'),
(87, '6141add714f51', 155, 1, '2021-09-15 08:25:50', '2021-09-15 08:25:50'),
(88, '6141add714f51', 156, 1, '2021-09-15 08:25:51', '2021-09-15 08:25:51'),
(89, '6141add714f51', 157, 1, '2021-09-15 08:25:51', '2021-09-15 08:25:51'),
(90, '6141add714f51', 158, 1, '2021-09-15 08:25:52', '2021-09-15 08:25:52'),
(91, '6141add714f51', 166, 1, '2021-09-15 08:25:53', '2021-09-15 08:25:53'),
(92, '6141add714f51', 167, 1, '2021-09-15 08:25:54', '2021-09-15 08:25:54'),
(93, '6141add714f51', 168, 1, '2021-09-15 08:25:54', '2021-09-15 08:25:54'),
(94, '6141add714f51', 169, 1, '2021-09-15 08:25:55', '2021-09-15 08:25:55'),
(95, '6141add714f51', 177, 1, '2021-09-15 08:25:57', '2021-09-15 08:25:57'),
(96, '6141add714f51', 178, 1, '2021-09-15 08:25:57', '2021-09-15 08:25:57'),
(97, '6141add714f51', 179, 1, '2021-09-15 08:25:58', '2021-09-15 08:25:58'),
(98, '6141add714f51', 180, 1, '2021-09-15 08:25:58', '2021-09-15 08:25:58'),
(99, '6141add714f51', 187, 1, '2021-09-15 08:25:59', '2021-09-15 08:25:59'),
(100, '6141add714f51', 188, 1, '2021-09-15 08:26:00', '2021-09-15 08:26:00'),
(101, '6141add714f51', 189, 1, '2021-09-15 08:26:01', '2021-09-15 08:26:01'),
(102, '6141add714f51', 190, 1, '2021-09-15 08:26:01', '2021-09-15 08:26:01'),
(103, '6141aea15f999', 1, 1, '2021-09-15 08:28:26', '2021-09-15 08:28:26'),
(104, '6141aea15f999', 2, 1, '2021-09-15 08:28:27', '2021-09-15 08:28:27'),
(105, '6141aea15f999', 3, 1, '2021-09-15 08:28:28', '2021-09-15 08:28:28'),
(106, '6141aea15f999', 4, 1, '2021-09-15 08:28:28', '2021-09-15 08:28:28'),
(107, '6141aea15f999', 5, 0, '2021-09-15 08:28:30', '2021-09-15 08:28:30'),
(108, '6141aea15f999', 6, 0, '2021-09-15 08:28:31', '2021-09-15 08:28:31'),
(109, '6141aea15f999', 7, 0, '2021-09-15 08:28:31', '2021-09-15 08:28:31'),
(110, '6141aea15f999', 8, 0, '2021-09-15 08:28:32', '2021-09-15 08:28:32'),
(111, '6141aea15f999', 9, 0, '2021-09-15 08:28:32', '2021-09-15 08:28:32'),
(112, '6141aea15f999', 10, 0, '2021-09-15 08:28:34', '2021-09-15 08:28:34'),
(113, '6141aea15f999', 11, 0, '2021-09-15 08:28:34', '2021-09-15 08:28:34'),
(114, '6141aea15f999', 12, 1, '2021-09-15 08:28:36', '2021-09-15 08:28:36'),
(115, '6141aea15f999', 13, 1, '2021-09-15 08:28:36', '2021-09-15 08:28:36'),
(116, '6141aea15f999', 14, 1, '2021-09-15 08:28:37', '2021-09-15 08:28:37'),
(117, '6141aea15f999', 15, 0, '2021-09-15 08:28:38', '2021-09-15 08:28:38'),
(118, '6141aea15f999', 16, 0, '2021-09-15 08:28:39', '2021-09-15 08:28:39'),
(119, '6141aea15f999', 17, 0, '2021-09-15 08:28:39', '2021-09-15 08:28:39'),
(120, '6141aea15f999', 18, 0, '2021-09-15 08:28:40', '2021-09-15 08:28:40'),
(121, '6141aea15f999', 19, 0, '2021-09-15 08:28:40', '2021-09-15 08:28:40'),
(122, '6141aea15f999', 20, 0, '2021-09-15 08:28:41', '2021-09-15 08:28:41'),
(123, '6141aea15f999', 21, 0, '2021-09-15 08:28:42', '2021-09-15 08:28:42'),
(124, '6141aea15f999', 22, 0, '2021-09-15 08:28:42', '2021-09-15 08:28:42'),
(125, '6141aea15f999', 23, 0, '2021-09-15 08:28:44', '2021-09-15 08:28:44'),
(126, '6141aea15f999', 24, 0, '2021-09-15 08:28:44', '2021-09-15 08:28:44'),
(127, '6141aea15f999', 25, 0, '2021-09-15 08:28:45', '2021-09-15 08:28:45'),
(128, '6141aea15f999', 26, 1, '2021-09-15 08:28:45', '2021-09-15 08:28:46'),
(129, '6141aea15f999', 27, 1, '2021-09-15 08:28:46', '2021-09-15 08:28:46'),
(130, '6141aea15f999', 28, 0, '2021-09-15 08:28:48', '2021-09-15 08:28:48'),
(131, '6141aea15f999', 29, 0, '2021-09-15 08:28:49', '2021-09-15 08:28:49'),
(132, '6141aea15f999', 30, 0, '2021-09-15 08:28:49', '2021-09-15 08:28:49'),
(133, '6141aea15f999', 31, 0, '2021-09-15 08:28:50', '2021-09-15 08:28:50'),
(134, '6141aea15f999', 32, 0, '2021-09-15 08:28:50', '2021-09-15 08:28:50'),
(135, '6141aea15f999', 33, 0, '2021-09-15 08:28:51', '2021-09-15 08:28:51'),
(136, '6141aea15f999', 34, 1, '2021-09-15 08:28:53', '2021-09-15 08:28:53'),
(137, '6141aea15f999', 36, 1, '2021-09-15 08:28:54', '2021-09-15 08:28:54'),
(138, '6141aea15f999', 37, 1, '2021-09-15 08:28:54', '2021-09-15 08:28:54'),
(139, '6141aea15f999', 38, 1, '2021-09-15 08:28:55', '2021-09-15 08:28:55'),
(140, '6141aea15f999', 39, 1, '2021-09-15 08:28:55', '2021-09-15 08:28:55'),
(141, '6141aea15f999', 40, 1, '2021-09-15 08:28:56', '2021-09-15 08:28:56'),
(142, '6141aea15f999', 41, 1, '2021-09-15 08:28:56', '2021-09-15 08:28:56'),
(143, '6141aea15f999', 45, 0, '2021-09-15 08:28:58', '2021-09-15 08:28:58'),
(144, '6141aea15f999', 43, 0, '2021-09-15 08:28:58', '2021-09-15 08:28:58'),
(145, '6141aea15f999', 42, 0, '2021-09-15 08:28:59', '2021-09-15 08:28:59'),
(146, '6141aea15f999', 35, 0, '2021-09-15 08:29:00', '2021-09-15 08:29:00'),
(147, '6141aea15f999', 46, 0, '2021-09-15 08:29:01', '2021-09-15 08:29:01'),
(148, '6141aea15f999', 47, 0, '2021-09-15 08:29:01', '2021-09-15 08:29:01'),
(149, '6141aea15f999', 48, 0, '2021-09-15 08:29:02', '2021-09-15 08:29:02'),
(150, '6141aea15f999', 49, 0, '2021-09-15 08:29:02', '2021-09-15 08:29:02'),
(151, '6141aea15f999', 50, 0, '2021-09-15 08:29:03', '2021-09-15 08:29:03'),
(152, '6141aea15f999', 51, 0, '2021-09-15 08:29:03', '2021-09-15 08:29:03'),
(153, '6141aea15f999', 52, 0, '2021-09-15 08:29:04', '2021-09-15 08:29:04'),
(154, '6141aea15f999', 53, 0, '2021-09-15 08:29:08', '2021-09-15 08:29:08'),
(155, '6141aea15f999', 54, 0, '2021-09-15 08:29:08', '2021-09-15 08:29:08'),
(156, '6141aea15f999', 55, 0, '2021-09-15 08:29:09', '2021-09-15 08:29:09'),
(157, '6141aea15f999', 56, 0, '2021-09-15 08:29:10', '2021-09-15 08:29:10'),
(158, '6141aea15f999', 57, 0, '2021-09-15 08:29:11', '2021-09-15 08:29:11'),
(159, '6141aea15f999', 58, 0, '2021-09-15 08:29:11', '2021-09-15 08:29:11'),
(160, '6141aea15f999', 59, 0, '2021-09-15 08:29:12', '2021-09-15 08:29:12'),
(161, '6141aea15f999', 60, 0, '2021-09-15 08:29:12', '2021-09-15 08:29:12'),
(162, '6141aea15f999', 61, 0, '2021-09-15 08:29:13', '2021-09-15 08:29:13'),
(163, '6141aea15f999', 62, 0, '2021-09-15 08:29:13', '2021-09-15 08:29:13'),
(164, '6141aea15f999', 63, 0, '2021-09-15 08:29:14', '2021-09-15 08:29:14'),
(165, '6141aea15f999', 64, 0, '2021-09-15 08:29:14', '2021-09-15 08:29:14'),
(166, '6141aea15f999', 65, 0, '2021-09-15 08:29:15', '2021-09-15 08:29:15'),
(167, '6141aea15f999', 67, 0, '2021-09-15 08:29:17', '2021-09-15 08:29:17'),
(168, '6141aea15f999', 68, 0, '2021-09-15 08:29:18', '2021-09-15 08:29:18'),
(169, '6141aea15f999', 69, 1, '2021-09-15 08:29:19', '2021-09-15 08:29:19'),
(170, '6141aea15f999', 70, 1, '2021-09-15 08:29:20', '2021-09-15 08:29:20'),
(171, '6141aea15f999', 71, 1, '2021-09-15 08:29:20', '2021-09-15 08:29:20'),
(172, '6141aea15f999', 72, 1, '2021-09-15 08:29:21', '2021-09-15 08:29:21'),
(173, '6141aea15f999', 73, 1, '2021-09-15 08:29:21', '2021-09-15 08:29:21'),
(174, '6141aea15f999', 74, 1, '2021-09-15 08:29:22', '2021-09-15 08:29:22'),
(175, '6141aea15f999', 75, 1, '2021-09-15 08:29:23', '2021-09-15 08:29:23'),
(176, '6141aea15f999', 76, 1, '2021-09-15 08:29:23', '2021-09-15 08:29:23'),
(177, '6141aea15f999', 77, 1, '2021-09-15 08:29:24', '2021-09-15 08:29:24'),
(178, '6141aea15f999', 78, 1, '2021-09-15 08:29:25', '2021-09-15 08:29:25'),
(179, '6141aea15f999', 79, 1, '2021-09-15 08:29:26', '2021-09-15 08:29:26'),
(180, '6141aea15f999', 80, 1, '2021-09-15 08:29:26', '2021-09-15 08:29:26'),
(181, '6141aea15f999', 81, 1, '2021-09-15 08:29:27', '2021-09-15 08:29:27'),
(182, '6141aea15f999', 82, 1, '2021-09-15 08:29:27', '2021-09-15 08:29:27'),
(183, '6141aea15f999', 83, 1, '2021-09-15 08:29:28', '2021-09-15 08:29:28'),
(184, '6141aea15f999', 84, 1, '2021-09-15 08:29:29', '2021-09-15 08:29:29'),
(185, '6141aea15f999', 85, 1, '2021-09-15 08:29:30', '2021-09-15 08:29:30'),
(186, '6141aea15f999', 86, 1, '2021-09-15 08:29:30', '2021-09-15 08:29:30'),
(187, '6141aea15f999', 87, 1, '2021-09-15 08:29:31', '2021-09-15 08:29:31'),
(188, '6141aea15f999', 88, 1, '2021-09-15 08:29:32', '2021-09-15 08:29:32'),
(189, '6141aea15f999', 89, 0, '2021-09-15 08:29:34', '2021-09-15 08:29:34'),
(190, '6141aea15f999', 90, 0, '2021-09-15 08:29:34', '2021-09-15 08:29:34'),
(191, '6141aea15f999', 91, 0, '2021-09-15 08:29:35', '2021-09-15 08:29:35'),
(192, '6141aea15f999', 92, 0, '2021-09-15 08:29:35', '2021-09-15 08:29:35'),
(193, '6141aea15f999', 93, 0, '2021-09-15 08:29:36', '2021-09-15 08:29:36'),
(194, '6141aea15f999', 94, 0, '2021-09-15 08:29:37', '2021-09-15 08:29:37'),
(195, '6141aea15f999', 95, 0, '2021-09-15 08:29:37', '2021-09-15 08:29:37'),
(196, '6141aea15f999', 96, 0, '2021-09-15 08:29:38', '2021-09-15 08:29:38'),
(197, '6141aea15f999', 97, 0, '2021-09-15 08:29:38', '2021-09-15 08:29:38'),
(198, '6141aea15f999', 98, 0, '2021-09-15 08:29:39', '2021-09-15 08:29:39'),
(199, '6141aea15f999', 99, 0, '2021-09-15 08:29:39', '2021-09-15 08:29:39'),
(200, '6141aea15f999', 100, 0, '2021-09-15 08:29:41', '2021-09-15 08:29:41'),
(201, '6141aea15f999', 101, 0, '2021-09-15 08:29:41', '2021-09-15 08:29:41'),
(202, '6141aea15f999', 102, 0, '2021-09-15 08:29:42', '2021-09-15 08:29:42'),
(203, '6141aea15f999', 103, 0, '2021-09-15 08:29:43', '2021-09-15 08:29:43'),
(204, '6141aea15f999', 104, 0, '2021-09-15 08:29:43', '2021-09-15 08:29:43'),
(205, '6141aea15f999', 105, 0, '2021-09-15 08:29:45', '2021-09-15 08:29:45'),
(206, '6141aea15f999', 106, 0, '2021-09-15 08:29:45', '2021-09-15 08:29:45'),
(207, '6141aea15f999', 107, 0, '2021-09-15 08:29:46', '2021-09-15 08:29:46'),
(208, '6141aea15f999', 108, 0, '2021-09-15 08:29:47', '2021-09-15 08:29:47'),
(209, '6141aea15f999', 109, 0, '2021-09-15 08:29:47', '2021-09-15 08:29:47'),
(210, '6141aea15f999', 110, 0, '2021-09-15 08:29:48', '2021-09-15 08:29:48'),
(211, '6141aea15f999', 111, 0, '2021-09-15 08:29:49', '2021-09-15 08:29:49'),
(212, '6141aea15f999', 112, 0, '2021-09-15 08:29:50', '2021-09-15 08:29:50'),
(213, '6141aea15f999', 113, 0, '2021-09-15 08:29:50', '2021-09-15 08:29:50'),
(214, '6141aea15f999', 114, 0, '2021-09-15 08:29:52', '2021-09-15 08:29:52'),
(215, '6141aea15f999', 115, 0, '2021-09-15 08:29:52', '2021-09-15 08:29:52'),
(216, '6141aea15f999', 116, 0, '2021-09-15 08:29:53', '2021-09-15 08:29:53'),
(217, '6141aea15f999', 117, 0, '2021-09-15 08:29:53', '2021-09-15 08:29:53'),
(218, '6141aea15f999', 118, 0, '2021-09-15 08:29:54', '2021-09-15 08:29:54'),
(219, '6141aea15f999', 119, 0, '2021-09-15 08:29:54', '2021-09-15 08:29:54'),
(220, '6141aea15f999', 120, 0, '2021-09-15 08:29:55', '2021-09-15 08:29:55'),
(221, '6141aea15f999', 121, 1, '2021-09-15 08:29:56', '2021-09-15 08:29:56'),
(222, '6141aea15f999', 122, 1, '2021-09-15 08:29:57', '2021-09-15 08:29:57'),
(223, '6141aea15f999', 123, 1, '2021-09-15 08:29:58', '2021-09-15 08:29:58'),
(224, '6141aea15f999', 124, 1, '2021-09-15 08:29:59', '2021-09-15 08:29:59'),
(225, '6141aea15f999', 125, 0, '2021-09-15 08:29:59', '2021-09-15 08:29:59'),
(226, '6141aea15f999', 126, 0, '2021-09-15 08:30:00', '2021-09-15 08:30:00'),
(227, '6141aea15f999', 127, 0, '2021-09-15 08:30:00', '2021-09-15 08:30:00'),
(228, '6141aea15f999', 128, 0, '2021-09-15 08:30:01', '2021-09-15 08:30:01'),
(229, '6141aea15f999', 129, 0, '2021-09-15 08:30:01', '2021-09-15 08:30:01'),
(230, '6141aea15f999', 130, 0, '2021-09-15 08:30:02', '2021-09-15 08:30:02'),
(231, '6141aea15f999', 131, 0, '2021-09-15 08:30:03', '2021-09-15 08:30:03'),
(232, '6141aea15f999', 132, 0, '2021-09-15 08:30:03', '2021-09-15 08:30:03'),
(233, '6141aea15f999', 133, 0, '2021-09-15 08:30:05', '2021-09-15 08:30:05'),
(234, '6141aea15f999', 134, 0, '2021-09-15 08:30:05', '2021-09-15 08:30:05'),
(235, '6141aea15f999', 135, 0, '2021-09-15 08:30:06', '2021-09-15 08:30:06'),
(236, '6141aea15f999', 136, 1, '2021-09-15 08:30:08', '2021-09-15 08:30:08'),
(237, '6141aea15f999', 137, 1, '2021-09-15 08:30:09', '2021-09-15 08:30:09'),
(238, '6141aea15f999', 138, 1, '2021-09-15 08:30:10', '2021-09-15 08:30:10'),
(239, '6141aea15f999', 139, 1, '2021-09-15 08:30:10', '2021-09-15 08:30:10'),
(240, '6141aea15f999', 140, 1, '2021-09-15 08:30:11', '2021-09-15 08:30:11'),
(241, '6141aea15f999', 141, 1, '2021-09-15 08:30:12', '2021-09-15 08:30:12'),
(242, '6141aea15f999', 142, 1, '2021-09-15 08:30:12', '2021-09-15 08:30:12'),
(243, '6141aea15f999', 143, 1, '2021-09-15 08:30:13', '2021-09-15 08:30:13'),
(244, '6141aea15f999', 144, 0, '2021-09-15 08:30:14', '2021-09-15 08:30:14'),
(245, '6141aea15f999', 145, 0, '2021-09-15 08:30:15', '2021-09-15 08:30:15'),
(246, '6141aea15f999', 146, 0, '2021-09-15 08:30:15', '2021-09-15 08:30:15'),
(247, '6141aea15f999', 147, 1, '2021-09-15 08:30:15', '2021-09-15 08:30:15'),
(248, '6141aea15f999', 148, 1, '2021-09-15 08:30:16', '2021-09-15 08:30:16'),
(249, '6141aea15f999', 149, 1, '2021-09-15 08:30:16', '2021-09-15 08:30:16'),
(250, '6141aea15f999', 150, 0, '2021-09-15 08:30:17', '2021-09-15 08:30:17'),
(251, '6141aea15f999', 151, 0, '2021-09-15 08:30:18', '2021-09-15 08:30:18'),
(252, '6141aea15f999', 152, 0, '2021-09-15 08:30:18', '2021-09-15 08:30:18'),
(253, '6141aea15f999', 153, 0, '2021-09-15 08:30:19', '2021-09-15 08:30:19'),
(254, '6141aea15f999', 154, 1, '2021-09-15 08:30:19', '2021-09-15 08:30:19'),
(255, '6141aea15f999', 155, 1, '2021-09-15 08:30:22', '2021-09-15 08:30:22'),
(256, '6141aea15f999', 156, 1, '2021-09-15 08:30:22', '2021-09-15 08:30:22'),
(257, '6141aea15f999', 157, 1, '2021-09-15 08:30:23', '2021-09-15 08:30:23'),
(258, '6141aea15f999', 158, 1, '2021-09-15 08:30:23', '2021-09-15 08:30:23'),
(259, '6141aea15f999', 159, 0, '2021-09-15 08:30:24', '2021-09-15 08:30:24'),
(260, '6141aea15f999', 160, 0, '2021-09-15 08:30:25', '2021-09-15 08:30:25'),
(261, '6141aea15f999', 161, 0, '2021-09-15 08:30:25', '2021-09-15 08:30:25'),
(262, '6141aea15f999', 162, 0, '2021-09-15 08:30:26', '2021-09-15 08:30:26'),
(263, '6141aea15f999', 163, 0, '2021-09-15 08:30:26', '2021-09-15 08:30:26'),
(264, '6141aea15f999', 164, 0, '2021-09-15 08:30:26', '2021-09-15 08:30:26'),
(265, '6141aea15f999', 167, 1, '2021-09-15 08:30:29', '2021-09-15 08:30:29'),
(266, '6141aea15f999', 166, 1, '2021-09-15 08:30:29', '2021-09-15 08:30:29'),
(267, '6141aea15f999', 168, 0, '2021-09-15 08:30:30', '2021-09-15 08:30:30'),
(268, '6141aea15f999', 169, 0, '2021-09-15 08:30:30', '2021-09-15 08:30:30'),
(269, '6141aea15f999', 170, 0, '2021-09-15 08:30:31', '2021-09-15 08:30:31'),
(270, '6141aea15f999', 171, 1, '2021-09-15 08:30:31', '2021-09-15 08:30:31'),
(271, '6141aea15f999', 172, 1, '2021-09-15 08:30:32', '2021-09-15 08:30:32'),
(272, '6141aea15f999', 173, 1, '2021-09-15 08:30:32', '2021-09-15 08:30:32'),
(273, '6141aea15f999', 174, 0, '2021-09-15 08:30:33', '2021-09-15 08:30:33'),
(274, '6141aea15f999', 176, 0, '2021-09-15 08:30:34', '2021-09-15 08:30:34'),
(275, '6141aea15f999', 175, 0, '2021-09-15 08:30:35', '2021-09-15 08:30:35'),
(276, '6141aea15f999', 177, 1, '2021-09-15 08:30:37', '2021-09-15 08:30:37'),
(277, '6141aea15f999', 178, 1, '2021-09-15 08:30:37', '2021-09-15 08:30:37'),
(278, '6141aea15f999', 179, 1, '2021-09-15 08:30:38', '2021-09-15 08:30:38'),
(279, '6141aea15f999', 180, 0, '2021-09-15 08:30:39', '2021-09-15 08:30:39'),
(280, '6141aea15f999', 181, 0, '2021-09-15 08:30:39', '2021-09-15 08:30:39'),
(281, '6141aea15f999', 182, 0, '2021-09-15 08:30:40', '2021-09-15 08:30:40'),
(282, '6141aea15f999', 183, 1, '2021-09-15 08:30:41', '2021-09-15 08:30:41'),
(283, '6141aea15f999', 184, 1, '2021-09-15 08:30:41', '2021-09-15 08:30:41'),
(284, '6141aea15f999', 185, 1, '2021-09-15 08:30:43', '2021-09-15 08:30:43'),
(285, '6141aea15f999', 186, 1, '2021-09-15 08:30:43', '2021-09-15 08:30:43'),
(286, '6141aea15f999', 187, 0, '2021-09-15 08:30:45', '2021-09-15 08:30:45'),
(287, '6141aea15f999', 188, 0, '2021-09-15 08:30:45', '2021-09-15 08:30:45'),
(288, '6141aea15f999', 189, 1, '2021-09-15 08:30:46', '2021-09-15 08:30:46'),
(289, '6141aea15f999', 190, 1, '2021-09-15 08:30:46', '2021-09-15 08:30:46'),
(290, '6141aea15f999', 191, 1, '2021-09-15 08:30:47', '2021-09-15 08:30:47'),
(291, '6141aea15f999', 192, 0, '2021-09-15 08:30:48', '2021-09-15 08:30:48'),
(292, '6141aea15f999', 193, 0, '2021-09-15 08:30:49', '2021-09-15 08:30:49'),
(293, '6141aea15f999', 194, 0, '2021-09-15 08:30:49', '2021-09-15 08:30:49'),
(294, '6141aea15f999', 195, 1, '2021-09-15 08:30:50', '2021-09-15 08:30:50'),
(295, '6141aea15f999', 196, 1, '2021-09-15 08:30:50', '2021-09-15 08:30:50'),
(296, '6141aea15f999', 197, 1, '2021-09-15 08:30:51', '2021-09-15 08:30:51'),
(297, '6141aea15f999', 44, 1, '2021-09-15 08:30:53', '2021-09-15 08:30:53'),
(298, '6141aea15f999', 66, 1, '2021-09-15 08:31:03', '2021-09-15 08:31:03'),
(299, '6141b077c6f1a', 1, 1, '2021-09-15 08:36:09', '2021-09-15 08:36:09'),
(300, '6141b077c6f1a', 2, 1, '2021-09-15 08:36:10', '2021-09-15 08:36:10'),
(301, '6141b077c6f1a', 3, 1, '2021-09-15 08:36:20', '2021-09-15 08:36:20'),
(302, '6141b088351a6', 1, 1, '2021-09-15 08:36:27', '2021-09-15 08:36:27'),
(303, '6141b088351a6', 2, 1, '2021-09-15 08:36:27', '2021-09-15 08:36:27'),
(304, '6141b088351a6', 3, 1, '2021-09-15 08:36:28', '2021-09-15 08:36:28'),
(305, '6141b088351a6', 5, 1, '2021-09-15 08:36:28', '2021-09-15 08:36:28'),
(306, '6141b088351a6', 4, 1, '2021-09-15 08:36:29', '2021-09-15 08:36:29'),
(307, '6141b088351a6', 6, 1, '2021-09-15 08:36:30', '2021-09-15 08:36:30'),
(308, '6141b088351a6', 7, 1, '2021-09-15 08:36:30', '2021-09-15 08:36:30'),
(309, '6141b088351a6', 8, 1, '2021-09-15 08:36:31', '2021-09-15 08:36:31'),
(310, '6141b088351a6', 9, 1, '2021-09-15 08:36:31', '2021-09-15 08:36:31'),
(311, '6141b088351a6', 10, 1, '2021-09-15 08:36:32', '2021-09-15 08:36:32'),
(312, '6141b088351a6', 11, 1, '2021-09-15 08:36:32', '2021-09-15 08:36:32'),
(313, '6141b088351a6', 12, 1, '2021-09-15 08:36:33', '2021-09-15 08:36:33'),
(314, '6141b088351a6', 13, 1, '2021-09-15 08:36:34', '2021-09-15 08:36:34'),
(315, '6141b088351a6', 14, 1, '2021-09-15 08:36:34', '2021-09-15 08:36:34'),
(316, '6141b088351a6', 15, 1, '2021-09-15 08:36:35', '2021-09-15 08:36:35'),
(317, '6141b088351a6', 16, 1, '2021-09-15 08:36:35', '2021-09-15 08:36:35'),
(318, '6141b088351a6', 17, 1, '2021-09-15 08:36:36', '2021-09-15 08:36:36'),
(319, '6141b088351a6', 18, 1, '2021-09-15 08:36:36', '2021-09-15 08:36:36'),
(320, '6141b088351a6', 19, 1, '2021-09-15 08:36:37', '2021-09-15 08:36:37'),
(321, '6141b088351a6', 20, 1, '2021-09-15 08:36:38', '2021-09-15 08:36:38'),
(322, '6141b088351a6', 21, 1, '2021-09-15 08:36:38', '2021-09-15 08:36:38'),
(323, '6141b088351a6', 22, 1, '2021-09-15 08:36:39', '2021-09-15 08:36:39'),
(324, '6141b088351a6', 23, 1, '2021-09-15 08:36:40', '2021-09-15 08:36:40'),
(325, '6141b088351a6', 24, 1, '2021-09-15 08:36:41', '2021-09-15 08:36:41'),
(326, '6141b088351a6', 25, 1, '2021-09-15 08:36:41', '2021-09-15 08:36:41'),
(327, '6141b088351a6', 26, 0, '2021-09-15 08:36:42', '2021-09-15 08:36:42'),
(328, '6141b088351a6', 27, 0, '2021-09-15 08:36:42', '2021-09-15 08:36:42'),
(329, '6141b088351a6', 28, 0, '2021-09-15 08:36:43', '2021-09-15 08:36:43'),
(330, '6141b088351a6', 29, 0, '2021-09-15 08:36:43', '2021-09-15 08:36:43'),
(331, '6141b088351a6', 30, 0, '2021-09-15 08:36:44', '2021-09-15 08:36:44'),
(332, '6141b088351a6', 31, 0, '2021-09-15 08:36:44', '2021-09-15 08:36:44'),
(333, '6141b088351a6', 32, 0, '2021-09-15 08:36:45', '2021-09-15 08:36:45'),
(334, '6141b088351a6', 33, 0, '2021-09-15 08:36:45', '2021-09-15 08:36:45'),
(335, '6141b088351a6', 34, 0, '2021-09-15 08:36:47', '2021-09-15 08:36:47'),
(336, '6141b088351a6', 36, 0, '2021-09-15 08:36:47', '2021-09-15 08:36:47'),
(337, '6141b088351a6', 37, 0, '2021-09-15 08:36:47', '2021-09-15 08:36:47'),
(338, '6141b088351a6', 38, 0, '2021-09-15 08:36:48', '2021-09-15 08:36:48'),
(339, '6141b088351a6', 39, 0, '2021-09-15 08:36:48', '2021-09-15 08:36:48'),
(340, '6141b088351a6', 40, 0, '2021-09-15 08:36:49', '2021-09-15 08:36:49'),
(341, '6141b088351a6', 41, 1, '2021-09-15 08:36:49', '2021-09-15 08:36:49'),
(342, '6141b088351a6', 42, 1, '2021-09-15 08:36:50', '2021-09-15 08:36:50'),
(343, '6141b088351a6', 44, 1, '2021-09-15 08:36:51', '2021-09-15 08:36:51'),
(344, '6141b088351a6', 43, 1, '2021-09-15 08:36:51', '2021-09-15 08:36:51'),
(345, '6141b088351a6', 45, 1, '2021-09-15 08:36:52', '2021-09-15 08:36:52'),
(346, '6141b088351a6', 35, 1, '2021-09-15 08:36:54', '2021-09-15 08:36:54'),
(347, '6141b088351a6', 46, 1, '2021-09-15 08:36:54', '2021-09-15 08:36:54'),
(348, '6141b088351a6', 47, 1, '2021-09-15 08:36:55', '2021-09-15 08:36:55'),
(349, '6141b088351a6', 48, 0, '2021-09-15 08:36:55', '2021-09-15 08:36:55'),
(350, '6141b088351a6', 49, 0, '2021-09-15 08:36:56', '2021-09-15 08:36:56'),
(351, '6141b088351a6', 50, 0, '2021-09-15 08:36:56', '2021-09-15 08:36:56'),
(352, '6141b088351a6', 51, 1, '2021-09-15 08:36:57', '2021-09-15 08:36:57'),
(353, '6141b088351a6', 52, 1, '2021-09-15 08:36:57', '2021-09-15 08:36:57'),
(354, '6141b088351a6', 53, 1, '2021-09-15 08:36:58', '2021-09-15 08:36:58'),
(355, '6141b088351a6', 54, 1, '2021-09-15 08:36:58', '2021-09-15 08:36:58'),
(356, '6141b088351a6', 55, 1, '2021-09-15 08:36:59', '2021-09-15 08:36:59'),
(357, '6141b088351a6', 56, 0, '2021-09-15 08:37:00', '2021-09-15 08:37:00'),
(358, '6141b088351a6', 57, 0, '2021-09-15 08:37:00', '2021-09-15 08:37:00'),
(359, '6141b088351a6', 58, 0, '2021-09-15 08:37:01', '2021-09-15 08:37:01'),
(360, '6141b088351a6', 59, 1, '2021-09-15 08:37:02', '2021-09-15 08:37:02'),
(361, '6141b088351a6', 60, 1, '2021-09-15 08:37:02', '2021-09-15 08:37:02'),
(362, '6141b088351a6', 61, 0, '2021-09-15 08:37:04', '2021-09-15 08:37:04'),
(363, '6141b088351a6', 62, 0, '2021-09-15 08:37:04', '2021-09-15 08:37:04'),
(364, '6141b088351a6', 63, 0, '2021-09-15 08:37:05', '2021-09-15 08:37:05'),
(365, '6141b088351a6', 64, 0, '2021-09-15 08:37:05', '2021-09-15 08:37:05'),
(366, '6141b088351a6', 65, 0, '2021-09-15 08:37:06', '2021-09-15 08:37:06'),
(367, '6141b088351a6', 66, 0, '2021-09-15 08:37:06', '2021-09-15 08:37:06'),
(368, '6141b088351a6', 67, 1, '2021-09-15 08:37:07', '2021-09-15 08:37:07'),
(369, '6141b088351a6', 68, 1, '2021-09-15 08:37:08', '2021-09-15 08:37:08'),
(370, '6141b088351a6', 69, 1, '2021-09-15 08:37:10', '2021-09-15 08:37:10'),
(371, '6141b088351a6', 71, 1, '2021-09-15 08:37:15', '2021-09-15 08:37:16'),
(372, '6141b088351a6', 70, 1, '2021-09-15 08:37:19', '2021-09-15 08:37:19'),
(373, '6141b088351a6', 72, 1, '2021-09-15 08:37:22', '2021-09-15 08:37:22'),
(374, '6141b088351a6', 73, 1, '2021-09-15 08:37:25', '2021-09-15 08:37:25'),
(375, '6141b088351a6', 75, 1, '2021-09-15 08:37:25', '2021-09-15 08:37:25'),
(376, '6141b088351a6', 74, 1, '2021-09-15 08:37:28', '2021-09-15 08:37:28'),
(377, '6141b088351a6', 76, 0, '2021-09-15 08:37:30', '2021-09-15 08:37:30'),
(378, '6141b088351a6', 77, 0, '2021-09-15 08:37:35', '2021-09-15 08:37:35'),
(379, '6141b088351a6', 78, 1, '2021-09-15 08:37:37', '2021-09-15 08:37:37'),
(380, '6141b088351a6', 79, 1, '2021-09-15 08:37:38', '2021-09-15 08:37:38'),
(381, '6141b088351a6', 80, 0, '2021-09-15 08:37:40', '2021-09-15 08:37:42'),
(382, '6141b088351a6', 81, 1, '2021-09-15 08:37:46', '2021-09-15 08:37:47'),
(383, '6141b088351a6', 82, 0, '2021-09-15 08:37:48', '2021-09-15 08:37:48'),
(384, '6141b088351a6', 83, 1, '2021-09-15 08:37:52', '2021-09-15 08:37:52'),
(385, '6141b088351a6', 84, 1, '2021-09-15 08:37:52', '2021-09-15 08:37:52'),
(386, '6141b088351a6', 85, 1, '2021-09-15 08:37:53', '2021-09-15 08:37:53'),
(387, '6141b088351a6', 86, 1, '2021-09-15 08:37:53', '2021-09-15 08:37:53'),
(388, '6141b088351a6', 87, 1, '2021-09-15 08:37:54', '2021-09-15 08:37:54'),
(389, '6141b088351a6', 88, 1, '2021-09-15 08:37:54', '2021-09-15 08:37:54'),
(390, '6141b088351a6', 89, 0, '2021-09-15 08:37:56', '2021-09-15 08:37:56'),
(391, '6141b088351a6', 90, 0, '2021-09-15 08:37:56', '2021-09-15 08:37:56'),
(392, '6141b088351a6', 91, 0, '2021-09-15 08:37:57', '2021-09-15 08:37:57'),
(393, '6141b088351a6', 92, 0, '2021-09-15 08:37:57', '2021-09-15 08:37:57'),
(394, '6141b088351a6', 93, 0, '2021-09-15 08:37:58', '2021-09-15 08:37:58'),
(395, '6141b088351a6', 94, 1, '2021-09-15 08:37:58', '2021-09-15 08:37:58'),
(396, '6141b088351a6', 95, 1, '2021-09-15 08:37:59', '2021-09-15 08:37:59'),
(397, '6141b088351a6', 96, 1, '2021-09-15 08:38:00', '2021-09-15 08:38:00'),
(398, '6141b088351a6', 97, 1, '2021-09-15 08:38:00', '2021-09-15 08:38:00'),
(399, '6141b088351a6', 98, 0, '2021-09-15 08:38:02', '2021-09-15 08:38:02'),
(400, '6141b088351a6', 99, 0, '2021-09-15 08:38:02', '2021-09-15 08:38:02'),
(401, '6141b088351a6', 100, 1, '2021-09-15 08:38:03', '2021-09-15 08:38:03'),
(402, '6141b088351a6', 101, 1, '2021-09-15 08:38:03', '2021-09-15 08:38:03'),
(403, '6141b088351a6', 102, 0, '2021-09-15 08:38:04', '2021-09-15 08:38:04'),
(404, '6141b088351a6', 103, 0, '2021-09-15 08:38:05', '2021-09-15 08:38:05'),
(405, '6141b088351a6', 105, 1, '2021-09-15 08:38:06', '2021-09-15 08:38:06'),
(406, '6141b088351a6', 104, 1, '2021-09-15 08:38:06', '2021-09-15 08:38:06'),
(407, '6141b088351a6', 106, 1, '2021-09-15 08:38:08', '2021-09-15 08:38:08'),
(408, '6141b088351a6', 107, 1, '2021-09-15 08:38:08', '2021-09-15 08:38:08'),
(409, '6141b088351a6', 108, 0, '2021-09-15 08:38:09', '2021-09-15 08:38:09'),
(410, '6141b088351a6', 109, 0, '2021-09-15 08:38:09', '2021-09-15 08:38:09'),
(411, '6141b088351a6', 110, 0, '2021-09-15 08:38:10', '2021-09-15 08:38:10'),
(412, '6141b088351a6', 111, 1, '2021-09-15 08:38:11', '2021-09-15 08:38:11'),
(413, '6141b088351a6', 112, 1, '2021-09-15 08:38:11', '2021-09-15 08:38:11'),
(414, '6141b088351a6', 113, 0, '2021-09-15 08:38:12', '2021-09-15 08:38:12'),
(415, '6141b088351a6', 114, 0, '2021-09-15 08:38:13', '2021-09-15 08:38:13'),
(416, '6141b088351a6', 115, 0, '2021-09-15 08:38:14', '2021-09-15 08:38:14'),
(417, '6141b088351a6', 116, 0, '2021-09-15 08:38:14', '2021-09-15 08:38:14'),
(418, '6141b088351a6', 117, 0, '2021-09-15 08:38:15', '2021-09-15 08:38:15'),
(419, '6141b088351a6', 118, 1, '2021-09-15 08:38:16', '2021-09-15 08:38:16'),
(420, '6141b088351a6', 119, 1, '2021-09-15 08:38:16', '2021-09-15 08:38:16'),
(421, '6141b088351a6', 120, 0, '2021-09-15 08:38:17', '2021-09-15 08:38:17'),
(422, '6141b088351a6', 121, 0, '2021-09-15 08:38:17', '2021-09-15 08:38:17'),
(423, '6141b088351a6', 122, 1, '2021-09-15 08:38:19', '2021-09-15 08:38:19'),
(424, '6141b088351a6', 123, 1, '2021-09-15 08:38:19', '2021-09-15 08:38:19'),
(425, '6141b088351a6', 124, 1, '2021-09-15 08:38:20', '2021-09-15 08:38:20'),
(426, '6141b088351a6', 125, 0, '2021-09-15 08:38:21', '2021-09-15 08:38:21'),
(427, '6141b088351a6', 126, 0, '2021-09-15 08:38:21', '2021-09-15 08:38:21'),
(428, '6141b088351a6', 127, 0, '2021-09-15 08:38:22', '2021-09-15 08:38:22'),
(429, '6141b088351a6', 128, 1, '2021-09-15 08:38:24', '2021-09-15 08:38:24'),
(430, '6141b088351a6', 129, 1, '2021-09-15 08:38:24', '2021-09-15 08:38:24'),
(431, '6141b088351a6', 130, 1, '2021-09-15 08:38:24', '2021-09-15 08:38:24'),
(432, '6141b088351a6', 131, 1, '2021-09-15 08:38:25', '2021-09-15 08:38:25'),
(433, '6141b088351a6', 132, 0, '2021-09-15 08:38:26', '2021-09-15 08:38:26'),
(434, '6141b088351a6', 133, 1, '2021-09-15 08:38:27', '2021-09-15 08:38:27'),
(435, '6141b088351a6', 134, 1, '2021-09-15 08:38:28', '2021-09-15 08:38:28'),
(436, '6141b088351a6', 135, 1, '2021-09-15 08:38:28', '2021-09-15 08:38:28'),
(437, '6141b088351a6', 137, 0, '2021-09-15 08:38:29', '2021-09-15 08:38:29'),
(438, '6141b088351a6', 136, 0, '2021-09-15 08:38:30', '2021-09-15 08:38:30'),
(439, '6141b088351a6', 138, 0, '2021-09-15 08:38:30', '2021-09-15 08:38:30'),
(440, '6141b088351a6', 139, 1, '2021-09-15 08:38:31', '2021-09-15 08:38:31'),
(441, '6141b088351a6', 140, 1, '2021-09-15 08:38:32', '2021-09-15 08:38:32'),
(442, '6141b088351a6', 141, 1, '2021-09-15 08:38:32', '2021-09-15 08:38:32'),
(443, '6141b088351a6', 142, 1, '2021-09-15 08:38:33', '2021-09-15 08:38:33'),
(444, '6141b088351a6', 143, 0, '2021-09-15 08:38:33', '2021-09-15 08:38:33'),
(445, '6141b088351a6', 144, 1, '2021-09-15 08:38:35', '2021-09-15 08:38:35'),
(446, '6141b088351a6', 145, 1, '2021-09-15 08:38:36', '2021-09-15 08:38:36'),
(447, '6141b088351a6', 146, 1, '2021-09-15 08:38:36', '2021-09-15 08:38:36'),
(448, '6141b088351a6', 147, 1, '2021-09-15 08:38:37', '2021-09-15 08:38:37'),
(449, '6141b088351a6', 148, 1, '2021-09-15 08:38:37', '2021-09-15 08:38:37'),
(450, '6141b088351a6', 149, 1, '2021-09-15 08:38:38', '2021-09-15 08:38:38'),
(451, '6141b088351a6', 150, 1, '2021-09-15 08:38:38', '2021-09-15 08:38:38'),
(452, '6141b088351a6', 151, 1, '2021-09-15 08:38:39', '2021-09-15 08:38:39'),
(453, '6141b088351a6', 152, 0, '2021-09-15 08:38:40', '2021-09-15 08:38:40'),
(454, '6141b088351a6', 153, 0, '2021-09-15 08:38:40', '2021-09-15 08:38:40'),
(455, '6141b088351a6', 154, 0, '2021-09-15 08:38:40', '2021-09-15 08:38:40'),
(456, '6141b088351a6', 155, 1, '2021-09-15 08:38:42', '2021-09-15 08:38:42'),
(457, '6141b088351a6', 156, 1, '2021-09-15 08:38:42', '2021-09-15 08:38:42'),
(458, '6141b088351a6', 157, 1, '2021-09-15 08:38:43', '2021-09-15 08:38:43'),
(459, '6141b088351a6', 158, 1, '2021-09-15 08:38:43', '2021-09-15 08:38:43'),
(460, '6141b088351a6', 159, 1, '2021-09-15 08:38:44', '2021-09-15 08:38:44'),
(461, '6141b088351a6', 160, 1, '2021-09-15 08:38:44', '2021-09-15 08:38:44'),
(462, '6141b088351a6', 161, 0, '2021-09-15 08:38:45', '2021-09-15 08:38:45'),
(463, '6141b088351a6', 162, 0, '2021-09-15 08:38:46', '2021-09-15 08:38:46'),
(464, '6141b088351a6', 163, 0, '2021-09-15 08:38:46', '2021-09-15 08:38:46'),
(465, '6141b088351a6', 164, 0, '2021-09-15 08:38:47', '2021-09-15 08:38:47'),
(466, '6141b088351a6', 166, 1, '2021-09-15 08:38:48', '2021-09-15 08:38:48'),
(467, '6141b088351a6', 167, 1, '2021-09-15 08:38:49', '2021-09-15 08:38:49'),
(468, '6141b088351a6', 168, 1, '2021-09-15 08:38:49', '2021-09-15 08:38:49'),
(469, '6141b088351a6', 169, 1, '2021-09-15 08:38:50', '2021-09-15 08:38:50'),
(470, '6141b088351a6', 170, 1, '2021-09-15 08:38:51', '2021-09-15 08:38:51'),
(471, '6141b088351a6', 171, 0, '2021-09-15 08:38:52', '2021-09-15 08:38:52'),
(472, '6141b088351a6', 172, 0, '2021-09-15 08:38:52', '2021-09-15 08:38:52'),
(473, '6141b088351a6', 173, 0, '2021-09-15 08:38:53', '2021-09-15 08:38:53'),
(474, '6141b088351a6', 174, 0, '2021-09-15 08:38:53', '2021-09-15 08:38:53'),
(475, '6141b088351a6', 175, 0, '2021-09-15 08:38:54', '2021-09-15 08:38:54'),
(476, '6141b088351a6', 176, 1, '2021-09-15 08:38:54', '2021-09-15 08:38:54'),
(477, '6141b088351a6', 177, 1, '2021-09-15 08:38:56', '2021-09-15 08:38:56'),
(478, '6141b088351a6', 178, 1, '2021-09-15 08:38:56', '2021-09-15 08:38:56'),
(479, '6141b088351a6', 179, 1, '2021-09-15 08:38:56', '2021-09-15 08:38:56'),
(480, '6141b088351a6', 180, 1, '2021-09-15 08:38:57', '2021-09-15 08:38:57'),
(481, '6141b088351a6', 181, 1, '2021-09-15 08:38:58', '2021-09-15 08:38:58'),
(482, '6141b088351a6', 182, 0, '2021-09-15 08:38:58', '2021-09-15 08:38:58'),
(483, '6141b088351a6', 183, 0, '2021-09-15 08:38:59', '2021-09-15 08:38:59'),
(484, '6141b088351a6', 184, 0, '2021-09-15 08:38:59', '2021-09-15 08:38:59'),
(485, '6141b088351a6', 185, 0, '2021-09-15 08:39:00', '2021-09-15 08:39:00'),
(486, '6141b088351a6', 186, 0, '2021-09-15 08:39:01', '2021-09-15 08:39:01'),
(487, '6141b088351a6', 187, 1, '2021-09-15 08:39:03', '2021-09-15 08:39:03'),
(488, '6141b088351a6', 188, 1, '2021-09-15 08:39:03', '2021-09-15 08:39:03'),
(489, '6141b088351a6', 189, 1, '2021-09-15 08:39:03', '2021-09-15 08:39:03'),
(490, '6141b088351a6', 190, 1, '2021-09-15 08:39:04', '2021-09-15 08:39:04'),
(491, '6141b088351a6', 191, 0, '2021-09-15 08:39:04', '2021-09-15 08:39:04'),
(492, '6141b088351a6', 192, 0, '2021-09-15 08:39:05', '2021-09-15 08:39:05'),
(493, '6141b088351a6', 193, 0, '2021-09-15 08:39:05', '2021-09-15 08:39:05'),
(494, '6141b088351a6', 194, 0, '2021-09-15 08:39:06', '2021-09-15 08:39:06'),
(495, '6141b088351a6', 195, 0, '2021-09-15 08:39:07', '2021-09-15 08:39:07'),
(496, '6141b088351a6', 196, 0, '2021-09-15 08:39:07', '2021-09-15 08:39:07'),
(497, '6141b088351a6', 197, 0, '2021-09-15 08:39:08', '2021-09-15 08:39:08'),
(498, '614219b8c6383', 1, 1, '2021-09-15 16:05:16', '2021-09-15 16:05:16'),
(499, '6143fb15403f8', 1, 1, '2021-09-17 02:19:22', '2021-09-17 02:19:22'),
(500, '6143fb15403f8', 2, 1, '2021-09-17 02:19:23', '2021-09-17 02:19:23'),
(501, '6143fb15403f8', 3, 0, '2021-09-17 02:19:25', '2021-09-17 02:19:25'),
(502, '6143fb15403f8', 4, 0, '2021-09-17 02:19:26', '2021-09-17 02:19:26'),
(503, '6143fb15403f8', 5, 0, '2021-09-17 02:19:27', '2021-09-17 02:19:27'),
(504, '6143fb15403f8', 6, 0, '2021-09-17 02:19:27', '2021-09-17 02:19:27'),
(505, '6143fb15403f8', 7, 0, '2021-09-17 02:19:28', '2021-09-17 02:19:28'),
(506, '6143fb15403f8', 8, 0, '2021-09-17 02:19:29', '2021-09-17 02:19:29'),
(507, '6143fb15403f8', 9, 0, '2021-09-17 02:19:30', '2021-09-17 02:19:30'),
(508, '6143fb15403f8', 10, 0, '2021-09-17 02:19:30', '2021-09-17 02:19:30'),
(509, '6143fb15403f8', 11, 0, '2021-09-17 02:19:31', '2021-09-17 02:19:31'),
(510, '6143fb15403f8', 12, 1, '2021-09-17 02:19:32', '2021-09-17 02:19:32'),
(511, '6143fb15403f8', 13, 1, '2021-09-17 02:19:33', '2021-09-17 02:19:33'),
(512, '6143fb15403f8', 14, 0, '2021-09-17 02:19:34', '2021-09-17 02:19:34'),
(513, '6143fb15403f8', 15, 0, '2021-09-17 02:19:34', '2021-09-17 02:19:34'),
(514, '6143fb15403f8', 16, 0, '2021-09-17 02:19:35', '2021-09-17 02:19:35'),
(515, '6143fb15403f8', 17, 0, '2021-09-17 02:19:36', '2021-09-17 02:19:36'),
(516, '6143fb15403f8', 18, 0, '2021-09-17 02:19:36', '2021-09-17 02:19:36'),
(517, '6143fb15403f8', 19, 0, '2021-09-17 02:19:37', '2021-09-17 02:19:37'),
(518, '6143fb15403f8', 20, 0, '2021-09-17 02:19:37', '2021-09-17 02:19:37'),
(519, '6143fb15403f8', 21, 0, '2021-09-17 02:19:38', '2021-09-17 02:19:38'),
(520, '6143fb15403f8', 22, 0, '2021-09-17 02:19:39', '2021-09-17 02:19:39'),
(521, '6143fb15403f8', 23, 1, '2021-09-17 02:19:40', '2021-09-17 02:19:40'),
(522, '6143fb15403f8', 24, 1, '2021-09-17 02:19:41', '2021-09-17 02:19:41'),
(523, '6143fb15403f8', 25, 0, '2021-09-17 02:19:42', '2021-09-17 02:19:42'),
(524, '6143fb15403f8', 26, 0, '2021-09-17 02:19:42', '2021-09-17 02:19:42'),
(525, '6143fb15403f8', 27, 0, '2021-09-17 02:19:43', '2021-09-17 02:19:43'),
(526, '6143fb15403f8', 28, 0, '2021-09-17 02:19:43', '2021-09-17 02:19:43'),
(527, '6143fb15403f8', 29, 0, '2021-09-17 02:19:44', '2021-09-17 02:19:44'),
(528, '6143fb15403f8', 30, 0, '2021-09-17 02:19:44', '2021-09-17 02:19:44'),
(529, '6143fb15403f8', 31, 0, '2021-09-17 02:19:45', '2021-09-17 02:19:45'),
(530, '6143fb15403f8', 32, 0, '2021-09-17 02:19:45', '2021-09-17 02:19:45'),
(531, '6143fb15403f8', 33, 0, '2021-09-17 02:19:46', '2021-09-17 02:19:46'),
(532, '6143fb15403f8', 34, 1, '2021-09-17 02:19:48', '2021-09-17 02:19:48'),
(533, '6143fb15403f8', 36, 1, '2021-09-17 02:19:48', '2021-09-17 02:19:48'),
(534, '6143fb15403f8', 37, 0, '2021-09-17 02:19:49', '2021-09-17 02:19:49'),
(535, '6143fb15403f8', 38, 0, '2021-09-17 02:19:49', '2021-09-17 02:19:49'),
(536, '6143fb15403f8', 39, 0, '2021-09-17 02:19:50', '2021-09-17 02:19:50'),
(537, '6143fb15403f8', 40, 0, '2021-09-17 02:19:50', '2021-09-17 02:19:50'),
(538, '6143fb15403f8', 41, 0, '2021-09-17 02:19:51', '2021-09-17 02:19:51'),
(539, '6143fb15403f8', 42, 0, '2021-09-17 02:19:52', '2021-09-17 02:19:52'),
(540, '6143fb15403f8', 43, 0, '2021-09-17 02:19:53', '2021-09-17 02:19:53'),
(541, '6143fb15403f8', 44, 0, '2021-09-17 02:19:53', '2021-09-17 02:19:53'),
(542, '6143fb15403f8', 45, 0, '2021-09-17 02:19:54', '2021-09-17 02:19:54'),
(543, '6143fb15403f8', 35, 1, '2021-09-17 02:19:56', '2021-09-17 02:19:56'),
(544, '6143fb15403f8', 46, 1, '2021-09-17 02:19:56', '2021-09-17 02:19:56'),
(545, '6143fb15403f8', 47, 0, '2021-09-17 02:19:57', '2021-09-17 02:19:57'),
(546, '6143fb15403f8', 48, 0, '2021-09-17 02:19:57', '2021-09-17 02:19:57'),
(547, '6143fb15403f8', 49, 0, '2021-09-17 02:19:58', '2021-09-17 02:19:58'),
(548, '6143fb15403f8', 50, 0, '2021-09-17 02:19:58', '2021-09-17 02:19:58'),
(549, '6143fb15403f8', 51, 0, '2021-09-17 02:19:59', '2021-09-17 02:19:59'),
(550, '6143fb15403f8', 52, 0, '2021-09-17 02:20:00', '2021-09-17 02:20:00'),
(551, '6143fb15403f8', 53, 0, '2021-09-17 02:20:01', '2021-09-17 02:20:01'),
(552, '6143fb15403f8', 54, 0, '2021-09-17 02:20:01', '2021-09-17 02:20:01'),
(553, '6143fb15403f8', 55, 0, '2021-09-17 02:20:02', '2021-09-17 02:20:02'),
(554, '6143fb15403f8', 56, 1, '2021-09-17 02:20:03', '2021-09-17 02:20:03'),
(555, '6143fb15403f8', 57, 1, '2021-09-17 02:20:04', '2021-09-17 02:20:04'),
(556, '6143fb15403f8', 58, 0, '2021-09-17 02:20:04', '2021-09-17 02:20:04'),
(557, '6143fb15403f8', 59, 0, '2021-09-17 02:20:05', '2021-09-17 02:20:05'),
(558, '6143fb15403f8', 60, 0, '2021-09-17 02:20:05', '2021-09-17 02:20:05'),
(559, '6143fb15403f8', 61, 0, '2021-09-17 02:20:06', '2021-09-17 02:20:06'),
(560, '6143fb15403f8', 62, 0, '2021-09-17 02:20:06', '2021-09-17 02:20:06'),
(561, '6143fb15403f8', 63, 0, '2021-09-17 02:20:07', '2021-09-17 02:20:07'),
(562, '6143fb15403f8', 64, 0, '2021-09-17 02:20:07', '2021-09-17 02:20:07'),
(563, '6143fb15403f8', 65, 0, '2021-09-17 02:20:08', '2021-09-17 02:20:08'),
(564, '6143fb15403f8', 66, 0, '2021-09-17 02:20:09', '2021-09-17 02:20:09'),
(565, '6143fb15403f8', 67, 1, '2021-09-17 02:20:10', '2021-09-17 02:20:10'),
(566, '6143fb15403f8', 68, 1, '2021-09-17 02:20:11', '2021-09-17 02:20:11'),
(567, '6143fb15403f8', 69, 0, '2021-09-17 02:20:12', '2021-09-17 02:20:12'),
(568, '6143fb15403f8', 70, 0, '2021-09-17 02:20:12', '2021-09-17 02:20:12'),
(569, '6143fb15403f8', 71, 0, '2021-09-17 02:20:13', '2021-09-17 02:20:13'),
(570, '6143fb15403f8', 72, 0, '2021-09-17 02:20:14', '2021-09-17 02:20:14'),
(571, '6143fb15403f8', 73, 0, '2021-09-17 02:20:14', '2021-09-17 02:20:14'),
(572, '6143fb15403f8', 74, 0, '2021-09-17 02:20:15', '2021-09-17 02:20:15'),
(573, '6143fb15403f8', 75, 0, '2021-09-17 02:20:16', '2021-09-17 02:20:16'),
(574, '6143fb15403f8', 76, 0, '2021-09-17 02:20:16', '2021-09-17 02:20:16'),
(575, '6143fb15403f8', 77, 0, '2021-09-17 02:20:16', '2021-09-17 02:20:16'),
(576, '6143fb15403f8', 78, 1, '2021-09-17 02:20:18', '2021-09-17 02:20:18'),
(577, '6143fb15403f8', 79, 1, '2021-09-17 02:20:18', '2021-09-17 02:20:18'),
(578, '6143fb15403f8', 80, 0, '2021-09-17 02:20:19', '2021-09-17 02:20:19'),
(579, '6143fb15403f8', 81, 0, '2021-09-17 02:20:20', '2021-09-17 02:20:20'),
(580, '6143fb15403f8', 82, 0, '2021-09-17 02:20:21', '2021-09-17 02:20:21'),
(581, '6143fb15403f8', 83, 0, '2021-09-17 02:20:21', '2021-09-17 02:20:21'),
(582, '6143fb15403f8', 84, 0, '2021-09-17 02:20:22', '2021-09-17 02:20:22'),
(583, '6143fb15403f8', 85, 0, '2021-09-17 02:20:23', '2021-09-17 02:20:23'),
(584, '6143fb15403f8', 86, 0, '2021-09-17 02:20:23', '2021-09-17 02:20:23'),
(585, '6143fb15403f8', 87, 0, '2021-09-17 02:20:24', '2021-09-17 02:20:24'),
(586, '6143fb15403f8', 88, 0, '2021-09-17 02:20:24', '2021-09-17 02:20:24'),
(587, '6143fb15403f8', 89, 1, '2021-09-17 02:20:26', '2021-09-17 02:20:26'),
(588, '6143fb15403f8', 90, 1, '2021-09-17 02:20:26', '2021-09-17 02:20:26'),
(589, '6143fb15403f8', 91, 0, '2021-09-17 02:20:27', '2021-09-17 02:20:27'),
(590, '6143fb15403f8', 92, 0, '2021-09-17 02:20:29', '2021-09-17 02:20:29'),
(591, '6143fb15403f8', 93, 0, '2021-09-17 02:20:29', '2021-09-17 02:20:29'),
(592, '6143fb15403f8', 94, 0, '2021-09-17 02:20:30', '2021-09-17 02:20:30'),
(593, '6143fb15403f8', 95, 0, '2021-09-17 02:20:30', '2021-09-17 02:20:30'),
(594, '6143fb15403f8', 96, 0, '2021-09-17 02:20:31', '2021-09-17 02:20:31'),
(595, '6143fb15403f8', 97, 0, '2021-09-17 02:20:32', '2021-09-17 02:20:32'),
(596, '6143fb15403f8', 98, 0, '2021-09-17 02:20:32', '2021-09-17 02:20:32'),
(597, '6143fb15403f8', 99, 0, '2021-09-17 02:20:33', '2021-09-17 02:20:33'),
(598, '6143fb15403f8', 100, 1, '2021-09-17 02:20:34', '2021-09-17 02:20:34'),
(599, '6143fb15403f8', 101, 1, '2021-09-17 02:20:35', '2021-09-17 02:20:35'),
(600, '6143fb15403f8', 102, 0, '2021-09-17 02:20:36', '2021-09-17 02:20:36'),
(601, '6143fb15403f8', 103, 0, '2021-09-17 02:20:36', '2021-09-17 02:20:36'),
(602, '6143fb15403f8', 104, 0, '2021-09-17 02:20:37', '2021-09-17 02:20:37'),
(603, '6143fb15403f8', 105, 0, '2021-09-17 02:20:37', '2021-09-17 02:20:37'),
(604, '6143fb15403f8', 106, 0, '2021-09-17 02:20:38', '2021-09-17 02:20:38'),
(605, '6143fb15403f8', 107, 0, '2021-09-17 02:20:39', '2021-09-17 02:20:39'),
(606, '6143fb15403f8', 108, 0, '2021-09-17 02:20:40', '2021-09-17 02:20:40'),
(607, '6143fb15403f8', 109, 0, '2021-09-17 02:20:41', '2021-09-17 02:20:41'),
(608, '6143fb15403f8', 110, 0, '2021-09-17 02:20:42', '2021-09-17 02:20:42'),
(609, '6143fb15403f8', 111, 1, '2021-09-17 02:20:43', '2021-09-17 02:20:43'),
(610, '6143fb15403f8', 112, 1, '2021-09-17 02:20:44', '2021-09-17 02:20:44'),
(611, '6143fb15403f8', 113, 0, '2021-09-17 02:20:44', '2021-09-17 02:20:44'),
(612, '6143fb15403f8', 114, 0, '2021-09-17 02:20:45', '2021-09-17 02:20:45'),
(613, '6143fb15403f8', 115, 0, '2021-09-17 02:20:45', '2021-09-17 02:20:45'),
(614, '6143fb15403f8', 116, 0, '2021-09-17 02:20:46', '2021-09-17 02:20:46'),
(615, '6143fb15403f8', 117, 0, '2021-09-17 02:20:47', '2021-09-17 02:20:47'),
(616, '6143fb15403f8', 118, 0, '2021-09-17 02:20:47', '2021-09-17 02:20:47'),
(617, '6143fb15403f8', 119, 0, '2021-09-17 02:20:48', '2021-09-17 02:20:48'),
(618, '6143fb15403f8', 120, 0, '2021-09-17 02:20:48', '2021-09-17 02:20:48'),
(619, '6143fb15403f8', 121, 0, '2021-09-17 02:20:49', '2021-09-17 02:20:49'),
(620, '6143fb15403f8', 122, 1, '2021-09-17 02:20:50', '2021-09-17 02:20:50'),
(621, '6143fb15403f8', 123, 1, '2021-09-17 02:20:51', '2021-09-17 02:20:51'),
(622, '6143fb15403f8', 124, 0, '2021-09-17 02:20:51', '2021-09-17 02:20:51'),
(623, '6143fb15403f8', 125, 0, '2021-09-17 02:20:52', '2021-09-17 02:20:52'),
(624, '6143fb15403f8', 126, 0, '2021-09-17 02:20:52', '2021-09-17 02:20:52'),
(625, '6143fb15403f8', 127, 0, '2021-09-17 02:20:53', '2021-09-17 02:20:53'),
(626, '6143fb15403f8', 128, 0, '2021-09-17 02:20:53', '2021-09-17 02:20:53'),
(627, '6143fb15403f8', 129, 0, '2021-09-17 02:20:54', '2021-09-17 02:20:54'),
(628, '6143fb15403f8', 130, 0, '2021-09-17 02:20:55', '2021-09-17 02:20:55'),
(629, '6143fb15403f8', 131, 0, '2021-09-17 02:20:55', '2021-09-17 02:20:55'),
(630, '6143fb15403f8', 132, 0, '2021-09-17 02:20:56', '2021-09-17 02:20:56'),
(631, '6143fb15403f8', 133, 1, '2021-09-17 02:20:57', '2021-09-17 02:20:57'),
(632, '6143fb15403f8', 134, 1, '2021-09-17 02:20:58', '2021-09-17 02:20:58'),
(633, '6143fb15403f8', 135, 0, '2021-09-17 02:20:58', '2021-09-17 02:20:58'),
(634, '6143fb15403f8', 136, 0, '2021-09-17 02:20:59', '2021-09-17 02:20:59'),
(635, '6143fb15403f8', 137, 0, '2021-09-17 02:21:00', '2021-09-17 02:21:00'),
(636, '6143fb15403f8', 138, 0, '2021-09-17 02:21:00', '2021-09-17 02:21:00'),
(637, '6143fb15403f8', 139, 0, '2021-09-17 02:21:01', '2021-09-17 02:21:01'),
(638, '6143fb15403f8', 140, 0, '2021-09-17 02:21:01', '2021-09-17 02:21:01'),
(639, '6143fb15403f8', 141, 0, '2021-09-17 02:21:02', '2021-09-17 02:21:02'),
(640, '6143fb15403f8', 142, 0, '2021-09-17 02:21:03', '2021-09-17 02:21:03'),
(641, '6143fb15403f8', 143, 0, '2021-09-17 02:21:04', '2021-09-17 02:21:04'),
(642, '6143fb15403f8', 144, 1, '2021-09-17 02:21:05', '2021-09-17 02:21:05'),
(643, '6143fb15403f8', 145, 1, '2021-09-17 02:21:05', '2021-09-17 02:21:05'),
(644, '6143fb15403f8', 146, 0, '2021-09-17 02:21:06', '2021-09-17 02:21:06'),
(645, '6143fb15403f8', 147, 0, '2021-09-17 02:21:07', '2021-09-17 02:21:07'),
(646, '6143fb15403f8', 148, 0, '2021-09-17 02:21:08', '2021-09-17 02:21:08'),
(647, '6143fb15403f8', 149, 0, '2021-09-17 02:21:09', '2021-09-17 02:21:09'),
(648, '6143fb15403f8', 150, 0, '2021-09-17 02:21:09', '2021-09-17 02:21:09'),
(649, '6143fb15403f8', 151, 0, '2021-09-17 02:21:10', '2021-09-17 02:21:10'),
(650, '6143fb15403f8', 152, 0, '2021-09-17 02:21:10', '2021-09-17 02:21:10'),
(651, '6143fb15403f8', 153, 0, '2021-09-17 02:21:11', '2021-09-17 02:21:11'),
(652, '6143fb15403f8', 154, 0, '2021-09-17 02:21:11', '2021-09-17 02:21:11'),
(653, '6143fb15403f8', 155, 1, '2021-09-17 02:21:12', '2021-09-17 02:21:12'),
(654, '6143fb15403f8', 156, 1, '2021-09-17 02:21:13', '2021-09-17 02:21:13'),
(655, '6143fb15403f8', 157, 0, '2021-09-17 02:21:13', '2021-09-17 02:21:13'),
(656, '6143fb15403f8', 158, 0, '2021-09-17 02:21:14', '2021-09-17 02:21:14'),
(657, '6143fb15403f8', 159, 0, '2021-09-17 02:21:15', '2021-09-17 02:21:15'),
(658, '6143fb15403f8', 160, 0, '2021-09-17 02:21:16', '2021-09-17 02:21:16'),
(659, '6143fb15403f8', 161, 0, '2021-09-17 02:21:16', '2021-09-17 02:21:16'),
(660, '6143fb15403f8', 162, 0, '2021-09-17 02:21:17', '2021-09-17 02:21:17'),
(661, '6143fb15403f8', 163, 0, '2021-09-17 02:21:18', '2021-09-17 02:21:18'),
(662, '6143fb15403f8', 164, 0, '2021-09-17 02:21:18', '2021-09-17 02:21:18'),
(663, '6143fb15403f8', 166, 1, '2021-09-17 02:21:20', '2021-09-17 02:21:20');
INSERT INTO `temporal_pregunta` (`id`, `folio`, `id_pregunta`, `respuesta`, `fecha_alta`, `fecha_edit`) VALUES
(664, '6143fb15403f8', 167, 1, '2021-09-17 02:21:20', '2021-09-17 02:21:20'),
(665, '6143fb15403f8', 168, 0, '2021-09-17 02:21:21', '2021-09-17 02:21:21'),
(666, '6143fb15403f8', 169, 0, '2021-09-17 02:21:22', '2021-09-17 02:21:22'),
(667, '6143fb15403f8', 170, 0, '2021-09-17 02:21:22', '2021-09-17 02:21:22'),
(668, '6143fb15403f8', 171, 0, '2021-09-17 02:21:23', '2021-09-17 02:21:23'),
(669, '6143fb15403f8', 172, 0, '2021-09-17 02:21:23', '2021-09-17 02:21:23'),
(670, '6143fb15403f8', 173, 0, '2021-09-17 02:21:24', '2021-09-17 02:21:24'),
(671, '6143fb15403f8', 174, 0, '2021-09-17 02:21:25', '2021-09-17 02:21:25'),
(672, '6143fb15403f8', 175, 0, '2021-09-17 02:21:26', '2021-09-17 02:21:26'),
(673, '6143fb15403f8', 176, 0, '2021-09-17 02:21:26', '2021-09-17 02:21:26'),
(674, '6143fb15403f8', 177, 1, '2021-09-17 02:21:27', '2021-09-17 02:21:27'),
(675, '6143fb15403f8', 178, 1, '2021-09-17 02:21:28', '2021-09-17 02:21:28'),
(676, '6143fb15403f8', 179, 0, '2021-09-17 02:21:28', '2021-09-17 02:21:28'),
(677, '6143fb15403f8', 180, 0, '2021-09-17 02:21:29', '2021-09-17 02:21:29'),
(678, '6143fb15403f8', 181, 0, '2021-09-17 02:21:31', '2021-09-17 02:21:31'),
(679, '6143fb15403f8', 182, 0, '2021-09-17 02:21:32', '2021-09-17 02:21:32'),
(680, '6143fb15403f8', 183, 0, '2021-09-17 02:21:35', '2021-09-17 02:21:35'),
(681, '6143fb15403f8', 184, 0, '2021-09-17 02:21:36', '2021-09-17 02:21:36'),
(682, '6143fb15403f8', 185, 0, '2021-09-17 02:21:37', '2021-09-17 02:21:37'),
(683, '6143fb15403f8', 186, 0, '2021-09-17 02:21:37', '2021-09-17 02:21:37'),
(684, '6143fb15403f8', 187, 1, '2021-09-17 02:21:45', '2021-09-17 02:21:47'),
(685, '6143fb15403f8', 188, 1, '2021-09-17 02:21:48', '2021-09-17 02:21:48'),
(686, '6143fb15403f8', 189, 0, '2021-09-17 02:21:48', '2021-09-17 02:21:48'),
(687, '6143fb15403f8', 190, 0, '2021-09-17 02:21:49', '2021-09-17 02:21:49'),
(688, '6143fb15403f8', 191, 0, '2021-09-17 02:21:49', '2021-09-17 02:21:49'),
(689, '6143fb15403f8', 192, 0, '2021-09-17 02:21:51', '2021-09-17 02:21:51'),
(690, '6143fb15403f8', 193, 0, '2021-09-17 02:21:51', '2021-09-17 02:21:51'),
(691, '6143fb15403f8', 194, 0, '2021-09-17 02:21:52', '2021-09-17 02:21:52'),
(692, '6143fb15403f8', 195, 0, '2021-09-17 02:21:52', '2021-09-17 02:21:52'),
(693, '6143fb15403f8', 196, 0, '2021-09-17 02:21:54', '2021-09-17 02:21:54'),
(694, '6143fb15403f8', 197, 0, '2021-09-17 02:21:54', '2021-09-17 02:21:54'),
(695, '6144025c5c967', 1, 1, '2021-09-17 02:50:42', '2021-09-17 02:50:42'),
(696, '6144025c5c967', 2, 1, '2021-09-17 02:50:42', '2021-09-17 02:50:42'),
(697, '6144025c5c967', 3, 1, '2021-09-17 02:50:43', '2021-09-17 02:50:43'),
(698, '6144025c5c967', 11, 1, '2021-09-17 02:50:44', '2021-09-17 02:50:52'),
(699, '6144025c5c967', 9, 1, '2021-09-17 02:50:44', '2021-09-17 02:50:44'),
(700, '6144025c5c967', 4, 0, '2021-09-17 02:50:47', '2021-09-17 02:50:47'),
(701, '6144025c5c967', 5, 0, '2021-09-17 02:50:48', '2021-09-17 02:50:48'),
(702, '6144025c5c967', 6, 0, '2021-09-17 02:50:48', '2021-09-17 02:50:48'),
(703, '6144025c5c967', 7, 0, '2021-09-17 02:50:48', '2021-09-17 02:50:48'),
(704, '6144025c5c967', 8, 0, '2021-09-17 02:50:49', '2021-09-17 02:50:49'),
(705, '6144025c5c967', 10, 0, '2021-09-17 02:50:50', '2021-09-17 02:50:50');

-- --------------------------------------------------------

--
-- Estructura de tabla para la tabla `test`
--

CREATE TABLE `test` (
  `id` int(11) NOT NULL,
  `id_alumno` int(11) NOT NULL,
  `folio` varchar(50) COLLATE utf8_spanish_ci NOT NULL,
  `fecha_alta` timestamp NOT NULL DEFAULT current_timestamp(),
  `fecha_edit` timestamp NOT NULL DEFAULT current_timestamp(),
  `activo` tinyint(1) NOT NULL DEFAULT 1
) ENGINE=InnoDB DEFAULT CHARSET=utf8 COLLATE=utf8_spanish_ci;

-- --------------------------------------------------------

--
-- Estructura de tabla para la tabla `test_new`
--

CREATE TABLE `test_new` (
  `id` int(11) NOT NULL,
  `id_alumno` int(11) NOT NULL,
  `folio` varchar(100) COLLATE utf8_spanish_ci NOT NULL,
  `suma_nota` int(11) NOT NULL,
  `id_area` int(11) NOT NULL,
  `activo` tinyint(1) NOT NULL DEFAULT 1,
  `fecha_alta` timestamp NOT NULL DEFAULT current_timestamp(),
  `fecha_edit` timestamp NOT NULL DEFAULT current_timestamp()
) ENGINE=InnoDB DEFAULT CHARSET=utf8 COLLATE=utf8_spanish_ci;

--
-- Volcado de datos para la tabla `test_new`
--

INSERT INTO `test_new` (`id`, `id_alumno`, `folio`, `suma_nota`, `id_area`, `activo`, `fecha_alta`, `fecha_edit`) VALUES
(1, 2, '6141a6e10c69c', 6, 1, 0, '2021-09-15 07:55:47', '2021-09-15 08:31:08'),
(2, 2, '6141a6e10c69c', 4, 2, 0, '2021-09-15 07:55:47', '2021-09-15 08:31:08'),
(3, 2, '6141a6e10c69c', 4, 3, 0, '2021-09-15 07:55:47', '2021-09-15 08:31:08'),
(4, 2, '6141a6e10c69c', 4, 4, 0, '2021-09-15 07:55:47', '2021-09-15 08:31:08'),
(5, 2, '6141a6e10c69c', 4, 5, 0, '2021-09-15 07:55:47', '2021-09-15 08:31:08'),
(6, 2, '6141a6e10c69c', 4, 6, 0, '2021-09-15 07:55:47', '2021-09-15 08:31:08'),
(7, 2, '6141a703f3eb5', 2, 1, 0, '2021-09-15 07:56:25', '2021-09-15 08:31:08'),
(8, 2, '6141a729389bc', 2, 1, 0, '2021-09-15 08:04:57', '2021-09-15 08:31:08'),
(9, 2, '6141add714f51', 12, 1, 0, '2021-09-15 08:26:02', '2021-09-15 08:31:08'),
(10, 2, '6141add714f51', 12, 2, 0, '2021-09-15 08:26:03', '2021-09-15 08:31:08'),
(11, 2, '6141add714f51', 12, 3, 0, '2021-09-15 08:26:03', '2021-09-15 08:31:08'),
(12, 2, '6141add714f51', 12, 4, 0, '2021-09-15 08:26:03', '2021-09-15 08:31:08'),
(13, 2, '6141add714f51', 12, 5, 0, '2021-09-15 08:26:03', '2021-09-15 08:31:08'),
(14, 2, '6141add714f51', 12, 6, 0, '2021-09-15 08:26:03', '2021-09-15 08:31:08'),
(15, 2, '6141aea15f999', 21, 1, 1, '2021-09-15 08:31:08', '2021-09-15 08:31:08'),
(16, 2, '6141aea15f999', 18, 2, 1, '2021-09-15 08:31:08', '2021-09-15 08:31:08'),
(17, 2, '6141aea15f999', 6, 3, 1, '2021-09-15 08:31:08', '2021-09-15 08:31:08'),
(18, 2, '6141aea15f999', 13, 4, 1, '2021-09-15 08:31:08', '2021-09-15 08:31:08'),
(19, 2, '6141aea15f999', 8, 5, 1, '2021-09-15 08:31:08', '2021-09-15 08:31:08'),
(20, 2, '6141aea15f999', 10, 6, 1, '2021-09-15 08:31:08', '2021-09-15 08:31:08'),
(21, 1, '6141b088351a6', 27, 1, 1, '2021-09-15 08:39:08', '2021-09-15 08:39:08'),
(22, 1, '6141b088351a6', 28, 2, 1, '2021-09-15 08:39:08', '2021-09-15 08:39:09'),
(23, 1, '6141b088351a6', 13, 3, 1, '2021-09-15 08:39:09', '2021-09-15 08:39:09'),
(24, 1, '6141b088351a6', 17, 4, 1, '2021-09-15 08:39:09', '2021-09-15 08:39:09'),
(25, 1, '6141b088351a6', 17, 5, 1, '2021-09-15 08:39:09', '2021-09-15 08:39:09'),
(26, 1, '6141b088351a6', 50, 6, 1, '2021-09-15 08:39:09', '2021-09-15 08:39:09'),
(27, 6, '6143fb15403f8', 6, 1, 1, '2021-09-17 02:26:19', '2021-09-17 02:26:19'),
(28, 6, '6143fb15403f8', 6, 2, 1, '2021-09-17 02:26:19', '2021-09-17 02:26:19'),
(29, 6, '6143fb15403f8', 6, 3, 1, '2021-09-17 02:26:19', '2021-09-17 02:26:19'),
(30, 6, '6143fb15403f8', 6, 4, 1, '2021-09-17 02:26:19', '2021-09-17 02:26:19'),
(31, 6, '6143fb15403f8', 6, 5, 1, '2021-09-17 02:26:19', '2021-09-17 02:26:19'),
(32, 6, '6143fb15403f8', 6, 6, 1, '2021-09-17 02:26:19', '2021-09-17 02:26:19');

-- --------------------------------------------------------

--
-- Estructura de tabla para la tabla `tipo`
--

CREATE TABLE `tipo` (
  `id` int(11) NOT NULL,
  `nombre` char(50) COLLATE utf8_spanish_ci NOT NULL,
  `nombre_corto` char(50) COLLATE utf8_spanish_ci NOT NULL
) ENGINE=InnoDB DEFAULT CHARSET=utf8 COLLATE=utf8_spanish_ci;

--
-- Volcado de datos para la tabla `tipo`
--

INSERT INTO `tipo` (`id`, `nombre`, `nombre_corto`) VALUES
(1, 'Actividad', 'Act'),
(2, 'Capacidad', 'Cap'),
(3, 'Ocupaciones', 'Ocu');

--
-- Índices para tablas volcadas
--

--
-- Indices de la tabla `alumno`
--
ALTER TABLE `alumno`
  ADD PRIMARY KEY (`id`);

--
-- Indices de la tabla `area`
--
ALTER TABLE `area`
  ADD PRIMARY KEY (`id`);

--
-- Indices de la tabla `claves`
--
ALTER TABLE `claves`
  ADD PRIMARY KEY (`id`),
  ADD KEY `fk_area1` (`id_area1`),
  ADD KEY `fk_area2` (`id_area2`),
  ADD KEY `fk_grado` (`id_grado`);

--
-- Indices de la tabla `detalle_test`
--
ALTER TABLE `detalle_test`
  ADD PRIMARY KEY (`id`),
  ADD KEY `fk_pregunta` (`id_pregunta`);

--
-- Indices de la tabla `docente`
--
ALTER TABLE `docente`
  ADD PRIMARY KEY (`id`),
  ADD UNIQUE KEY `codigo` (`codigo`);

--
-- Indices de la tabla `grados`
--
ALTER TABLE `grados`
  ADD PRIMARY KEY (`id`);

--
-- Indices de la tabla `preguntas`
--
ALTER TABLE `preguntas`
  ADD PRIMARY KEY (`id`),
  ADD KEY `fk_id_area` (`id_area`),
  ADD KEY `fk_id_tipo` (`id_tipo`);

--
-- Indices de la tabla `temporal_pregunta`
--
ALTER TABLE `temporal_pregunta`
  ADD PRIMARY KEY (`id`),
  ADD KEY `kf_temxpregunta` (`id_pregunta`);

--
-- Indices de la tabla `test`
--
ALTER TABLE `test`
  ADD PRIMARY KEY (`id`);

--
-- Indices de la tabla `test_new`
--
ALTER TABLE `test_new`
  ADD PRIMARY KEY (`id`),
  ADD KEY `fk_alumno` (`id_alumno`),
  ADD KEY `fk_area` (`id_area`);

--
-- Indices de la tabla `tipo`
--
ALTER TABLE `tipo`
  ADD PRIMARY KEY (`id`);

--
-- AUTO_INCREMENT de las tablas volcadas
--

--
-- AUTO_INCREMENT de la tabla `alumno`
--
ALTER TABLE `alumno`
  MODIFY `id` int(11) NOT NULL AUTO_INCREMENT, AUTO_INCREMENT=12;

--
-- AUTO_INCREMENT de la tabla `area`
--
ALTER TABLE `area`
  MODIFY `id` int(11) NOT NULL AUTO_INCREMENT, AUTO_INCREMENT=13;

--
-- AUTO_INCREMENT de la tabla `claves`
--
ALTER TABLE `claves`
  MODIFY `id` int(11) NOT NULL AUTO_INCREMENT, AUTO_INCREMENT=244;

--
-- AUTO_INCREMENT de la tabla `detalle_test`
--
ALTER TABLE `detalle_test`
  MODIFY `id` int(11) NOT NULL AUTO_INCREMENT, AUTO_INCREMENT=661;

--
-- AUTO_INCREMENT de la tabla `docente`
--
ALTER TABLE `docente`
  MODIFY `id` int(11) NOT NULL AUTO_INCREMENT, AUTO_INCREMENT=5;

--
-- AUTO_INCREMENT de la tabla `grados`
--
ALTER TABLE `grados`
  MODIFY `id` int(11) NOT NULL AUTO_INCREMENT, AUTO_INCREMENT=6;

--
-- AUTO_INCREMENT de la tabla `preguntas`
--
ALTER TABLE `preguntas`
  MODIFY `id` int(11) NOT NULL AUTO_INCREMENT, AUTO_INCREMENT=198;

--
-- AUTO_INCREMENT de la tabla `temporal_pregunta`
--
ALTER TABLE `temporal_pregunta`
  MODIFY `id` int(11) NOT NULL AUTO_INCREMENT, AUTO_INCREMENT=706;

--
-- AUTO_INCREMENT de la tabla `test`
--
ALTER TABLE `test`
  MODIFY `id` int(11) NOT NULL AUTO_INCREMENT;

--
-- AUTO_INCREMENT de la tabla `test_new`
--
ALTER TABLE `test_new`
  MODIFY `id` int(11) NOT NULL AUTO_INCREMENT, AUTO_INCREMENT=33;

--
-- AUTO_INCREMENT de la tabla `tipo`
--
ALTER TABLE `tipo`
  MODIFY `id` int(11) NOT NULL AUTO_INCREMENT, AUTO_INCREMENT=4;

--
-- Restricciones para tablas volcadas
--

--
-- Filtros para la tabla `claves`
--
ALTER TABLE `claves`
  ADD CONSTRAINT `fk_area1` FOREIGN KEY (`id_area1`) REFERENCES `area` (`id`),
  ADD CONSTRAINT `fk_area2` FOREIGN KEY (`id_area2`) REFERENCES `area` (`id`),
  ADD CONSTRAINT `fk_grado` FOREIGN KEY (`id_grado`) REFERENCES `grados` (`id`);

--
-- Filtros para la tabla `detalle_test`
--
ALTER TABLE `detalle_test`
  ADD CONSTRAINT `fk_pregunta` FOREIGN KEY (`id_pregunta`) REFERENCES `preguntas` (`id`);

--
-- Filtros para la tabla `preguntas`
--
ALTER TABLE `preguntas`
  ADD CONSTRAINT `fk_id_area` FOREIGN KEY (`id_area`) REFERENCES `area` (`id`),
  ADD CONSTRAINT `fk_id_tipo` FOREIGN KEY (`id_tipo`) REFERENCES `tipo` (`id`);

--
-- Filtros para la tabla `temporal_pregunta`
--
ALTER TABLE `temporal_pregunta`
  ADD CONSTRAINT `kf_temxpregunta` FOREIGN KEY (`id_pregunta`) REFERENCES `preguntas` (`id`);

--
-- Filtros para la tabla `test_new`
--
ALTER TABLE `test_new`
  ADD CONSTRAINT `fk_alumno` FOREIGN KEY (`id_alumno`) REFERENCES `alumno` (`id`),
  ADD CONSTRAINT `fk_area` FOREIGN KEY (`id_area`) REFERENCES `area` (`id`);
COMMIT;

/*!40101 SET CHARACTER_SET_CLIENT=@OLD_CHARACTER_SET_CLIENT */;
/*!40101 SET CHARACTER_SET_RESULTS=@OLD_CHARACTER_SET_RESULTS */;
/*!40101 SET COLLATION_CONNECTION=@OLD_COLLATION_CONNECTION */;
